time,robot_continuous_position,robot_continuous_orientation,robot_linear_velocity,robot_angular_velocity,robot_discrete_state,discrete_location,discrete_orientation,robot_state_mode,sip_puff_frame_id,sip_puff_axes,sip_puff_buttons,mode_frame_id,mode,trial_marker,sip_puff_before_frame_id,user_vel
0.0,,,,,,,,,,,,,,start,,
0.0072937011999982815,,,,,,,,,,,,,,,,"[0.0, 0.0, 0.0]"
0.017762899399997423,,,,,,,,,,,,,,,,"[0.0, 0.0, 0.0]"
0.028132915500009403,,,,,,,,,,,,,,,,"[0.0, 0.0, 0.0]"
0.038359642100004976,,,,,,,,,,,,,,,,"[0.0, 0.0, 0.0]"
0.04865360259999818,,,,,,,,,,,,,,,,"[0.0, 0.0, 0.0]"
0.05898213390000251,,,,,,,,,,,,,,,,"[0.0, 0.0, 0.0]"
0.06946420670000464,,,,,,,,,,,,,,,,"[0.0, 0.0, 0.0]"
0.07958507540000426,,,,,,,,,,,,,,,,"[0.0, 0.0, 0.0]"
0.08992838860000063,,,,,,,,,,,,,,,,"[0.0, 0.0, 0.0]"
0.099876880700009,,,,,,,,,,,,,,,,"[0.0, 0.0, 0.0]"
0.11038279539999962,,,,,,,,,,,,,,,,"[0.0, 0.0, 0.0]"
0.12073397640000394,,,,,,,,,,,,,,,,"[0.0, 0.0, 0.0]"
0.1310000419999966,,,,,,,,,,,,,,,,"[0.0, 0.0, 0.0]"
0.14114356040001041,,,,,,,,,,,,,,,,"[0.0, 0.0, 0.0]"
0.15191364289999854,,,,,,,,,,,,,,,,"[0.0, 0.0, 0.0]"
0.1621165275999914,,,,,,,,,,,,,,,,"[0.0, 0.0, 0.0]"
0.17239451410000584,,,,,,,,,,,,,,,,"[0.0, 0.0, 0.0]"
0.18264985090000607,,,,,,,,,,,,,,,,"[0.0, 0.0, 0.0]"
0.1929311753000036,,,,,,,,,,,,,,,,"[0.0, 0.0, 0.0]"
0.20325064659999725,,,,,,,,,,,,,,,,"[0.0, 0.0, 0.0]"
0.2135264874000029,,,,,,,,,,,,,,,,"[0.0, 0.0, 0.0]"
0.2237701415999993,,,,,,,,,,,,,,,,"[0.0, 0.0, 0.0]"
0.2339544296999918,,,,,,,,,,,,,,,,"[0.0, 0.0, 0.0]"
0.24472117429999685,,,,,,,,,,,,,,,,"[0.0, 0.0, 0.0]"
0.255330562599994,,,,,,,,,,,,,,,,"[0.0, 0.0, 0.0]"
0.26580762870000285,,,,,,,,,,,,,,,,"[0.0, 0.0, 0.0]"
0.27657055859999957,,,,,,,,,,,,,,,,"[0.0, 0.0, 0.0]"
0.2868378163000074,,,,,,,,,,,,,,,,"[0.0, 0.0, 0.0]"
0.29715180399999497,,,,,,,,,,,,,,,,"[0.0, 0.0, 0.0]"
0.30658531190000815,,,,,,,,,,,,,,,,"[0.0, 0.0, 0.0]"
0.3168511391000095,,,,,,,,,,,,,,,,"[0.0, 0.0, 0.0]"
0.32711005210001076,,,,,,,,,,,,,,,,"[0.0, 0.0, 0.0]"
0.3374421597000037,,,,,,,,,,,,,,,,"[0.0, 0.0, 0.0]"
0.34787511830000994,,,,,,,,,,,,,,,,"[0.0, 0.0, 0.0]"
0.3584597110999965,,,,,,,,,,,,,,,,"[0.0, 0.0, 0.0]"
0.3687665463000087,,,,,,,,,,,,,,,,"[0.0, 0.0, 0.0]"
0.37903809550000744,,,,,,,,,,,,,,,,"[0.0, 0.0, 0.0]"
0.3892142772999989,,,,,,,,,,,,,,,,"[0.0, 0.0, 0.0]"
0.3997242451000034,,,,,,,,,,,,,,,,"[0.0, 0.0, 0.0]"
0.4104180335999956,,,,,,,,,,,,,,,,"[0.0, 0.0, 0.0]"
0.42075014120000276,,,,,,,,,,,,,,,,"[0.0, 0.0, 0.0]"
0.43096351630001095,,,,,,,,,,,,,,,,"[0.0, 0.0, 0.0]"
0.4414026738000132,,,,,,,,,,,,,,,,"[0.0, 0.0, 0.0]"
0.45153784750000625,,,,,,,,,,,,,,,,"[0.0, 0.0, 0.0]"
0.46212339400000246,,,,,,,,,,,,,,,,"[0.0, 0.0, 0.0]"
0.4720408917000043,,,,,,,,,,,,,,,,"[0.0, 0.0, 0.0]"
0.48283553130001167,,,,,,,,,,,,,,,,"[0.0, 0.0, 0.0]"
0.49313926700000366,,,,,,,,,,,,,,,,"[0.0, 0.0, 0.0]"
0.503427743900005,,,,,,,,,,,,,,,,"[0.0, 0.0, 0.0]"
0.5139844418000052,,,,,,,,,,,,,,,,"[0.0, 0.0, 0.0]"
0.5234820842999994,,,,,,,,,,,,,,,,"[0.0, 0.0, 0.0]"
0.5336673259999998,,,,,,,,,,,,,,,,"[0.0, 0.0, 0.0]"
0.5438716411999991,,,,,,,,,,,,,,,,"[0.0, 0.0, 0.0]"
0.5541636944000032,,,,,,,,,,,,,,,,"[0.0, 0.0, 0.0]"
0.564527034799994,,,,,,,,,,,,,,,,"[0.0, 0.0, 0.0]"
0.575176239000001,,,,,,,,,,,,,,,,"[0.0, 0.0, 0.0]"
0.5855379105000083,,,,,,,,,,,,,,,,"[0.0, 0.0, 0.0]"
0.596048116700004,,,,,,,,,,,,,,,,"[0.0, 0.0, 0.0]"
0.6062955856999963,,,,,,,,,,,,,,,,"[0.0, 0.0, 0.0]"
0.6166112422999959,,,,,,,,,,,,,,,,"[0.0, 0.0, 0.0]"
0.6269783974000092,,,,,,,,,,,,,,,,"[0.0, 0.0, 0.0]"
0.6373090744000081,,,,,,,,,,,,,,,,"[0.0, 0.0, 0.0]"
0.6474838257000073,,,,,,,,,,,,,,,,"[0.0, 0.0, 0.0]"
0.6581799984000014,,,,,,,,,,,,,,,,"[0.0, 0.0, 0.0]"
0.668411731799992,,,,,,,,,,,,,,,,"[0.0, 0.0, 0.0]"
0.6787362099000092,,,,,,,,,,,,,,,,"[0.0, 0.0, 0.0]"
0.6893267632000004,,,,,,,,,,,,,,,,"[0.0, 0.0, 0.0]"
0.6995432376999986,,,,,,,,,,,,,,,,"[0.0, 0.0, 0.0]"
0.7096681594999978,,,,,,,,,,,,,,,,"[0.0, 0.0, 0.0]"
0.7201690674000076,,,,,,,,,,,,,,,,"[0.0, 0.0, 0.0]"
0.730506181700008,,,,,,,,,,,,,,,,"[0.0, 0.0, 0.0]"
0.7408025265000049,,,,,,,,,,,,,,,,"[0.0, 0.0, 0.0]"
0.7509069442999987,,,,,,,,,,,,,,,,"[0.0, 0.0, 0.0]"
0.7613282204000029,,,,,,,,,,,,,,,,"[0.0, 0.0, 0.0]"
0.7716813088000123,,,,,,,,,,,,,,,,"[0.0, 0.0, 0.0]"
0.7822718621000035,,,,,,,,,,,,,,,,"[0.0, 0.0, 0.0]"
0.7925715446999959,,,,,,,,,,,,,,,,"[0.0, 0.0, 0.0]"
0.8028409480999983,,,,,,,,,,,,,,,,"[0.0, 0.0, 0.0]"
0.8133490085999995,,,,,,,,,,,,,,,,"[0.0, 0.0, 0.0]"
0.8235988617000061,,,,,,,,,,,,,,,,"[0.0, 0.0, 0.0]"
0.8342590331999986,,,,,,,,,,,,,,,,"[0.0, 0.0, 0.0]"
0.8444402217999993,,,,,,,,,,,,,,,,"[0.0, 0.0, 0.0]"
0.8552205563000115,,,,,,,,,,,,,,,,"[0.0, 0.0, 0.0]"
0.8653857708000032,,,,,,,,,,,,,,,,"[0.0, 0.0, 0.0]"
0.8756477833000105,,,,,,,,,,,,,,,,"[0.0, 0.0, 0.0]"
0.8858735562000106,,,,,,,,,,,,,,,,"[0.0, 0.0, 0.0]"
0.8968241215000035,,,,,,,,,,,,,,,,"[0.0, 0.0, 0.0]"
0.9070727825000091,,,,,,,,,,,,,,,,"[0.0, 0.0, 0.0]"
0.9173007012000056,,,,,,,,,,,,,,,,"[0.0, 0.0, 0.0]"
0.9280631543000055,,,,,,,,,,,,,,,,"[0.0, 0.0, 0.0]"
0.9384460450000063,,,,,,,,,,,,,,,,"[0.0, 0.0, 0.0]"
0.9487082959000048,,,,,,,,,,,,,,,,"[0.0, 0.0, 0.0]"
0.9588725567000012,,,,,,,,,,,,,,,,"[0.0, 0.0, 0.0]"
0.9695756435999954,,,,,,,,,,,,,,,,"[0.0, 0.0, 0.0]"
0.9798529148000057,,,,,,,,,,,,,,,,"[0.0, 0.0, 0.0]"
0.9902031422000022,,,,,,,,,,,,,,,,"[0.0, 0.0, 0.0]"
1.0004391671000121,,,,,,,,,,,,,,,,"[0.0, 0.0, 0.0]"
1.0109553337000108,,,,,,,,,,,,,,,,"[0.0, 0.0, 0.0]"
1.0213987828000057,,,,,,,,,,,,,,,,"[0.0, 0.0, 0.0]"
1.0318930149000067,,,,,,,,,,,,,,,,"[0.0, 0.0, 0.0]"
1.0422103405000058,,,,,,,,,,,,,,,,"[0.0, 0.0, 0.0]"
1.0525319576999976,,,,,,,,,,,,,,,,"[0.0, 0.0, 0.0]"
1.0628993512000022,,,,,,,,,,,,,,,,"[0.0, 0.0, 0.0]"
1.0733807087000002,,,,,,,,,,,,,,,,"[0.0, 0.0, 0.0]"
1.0836358071000092,,,,,,,,,,,,,,,,"[0.0, 0.0, 0.0]"
1.0939691067000012,,,,,,,,,,,,,,,,"[0.0, 0.0, 0.0]"
1.1042501926999932,,,,,,,,,,,,,,,,"[0.0, 0.0, 0.0]"
1.1145992279000012,,,,,,,,,,,,,,,,"[0.0, 0.0, 0.0]"
1.124835252799997,,,,,,,,,,,,,,,,"[0.0, 0.0, 0.0]"
1.1350870133000086,,,,,,,,,,,,,,,,"[0.0, 0.0, 0.0]"
1.1454079150999945,,,,,,,,,,,,,,,,"[0.0, 0.0, 0.0]"
1.1556563377999964,,,,,,,,,,,,,,,,"[0.0, 0.0, 0.0]"
1.1659784317000117,,,,,,,,,,,,,,,,"[0.0, 0.0, 0.0]"
1.1763091088000124,,,,,,,,,,,,,,,,"[0.0, 0.0, 0.0]"
1.1865878105000007,,,,,,,,,,,,,,,,"[0.0, 0.0, 0.0]"
1.1969082356000058,,,,,,,,,,,,,,,,"[0.0, 0.0, 0.0]"
1.207236051600006,,,,,,,,,,,,,,,,"[0.0, 0.0, 0.0]"
1.2175533772000051,,,,,,,,,,,,,,,,"[0.0, 0.0, 0.0]"
1.2279107571000054,,,,,,,,,,,,,,,,"[0.0, 0.0, 0.0]"
1.2382152081000015,,,,,,,,,,,,,,,,"[0.0, 0.0, 0.0]"
1.2484230995000019,,,,,,,,,,,,,,,,"[0.0, 0.0, 0.0]"
1.259027719499997,,,,,,,,,,,,,,,,"[0.0, 0.0, 0.0]"
1.2697436809999942,,,,,,,,,,,,,,,,"[0.0, 0.0, 0.0]"
1.280032396300001,,,,,,,,,,,,,,,,"[0.0, 0.0, 0.0]"
1.290365695999995,,,,,,,,,,,,,,,,"[0.0, 0.0, 0.0]"
1.2996814251000046,,,,,,,,,,,,,,,,"[0.0, 0.0, 0.0]"
1.3099493981000023,,,,,,,,,,,,,,,,"[0.0, 0.0, 0.0]"
1.3201565743000003,,,,,,,,,,,,,,,,"[0.0, 0.0, 0.0]"
1.3304314613999964,,,,,,,,,,,,,,,,"[0.0, 0.0, 0.0]"
1.340742826500005,,,,,,,,,,,,,,,,"[0.0, 0.0, 0.0]"
1.3512067795000036,,,,,,,,,,,,,,,,"[0.0, 0.0, 0.0]"
1.362151622799999,,,,,,,,,,,,,,,,"[0.0, 0.0, 0.0]"
1.3722877503000035,,,,,,,,,,,,,,,,"[0.0, 0.0, 0.0]"
1.3829414845000088,,,,,,,,,,,,,,,,"[0.0, 0.0, 0.0]"
1.3932864666000029,,,,,,,,,,,,,,,,"[0.0, 0.0, 0.0]"
1.4036705494000046,,,,,,,,,,,,,,,,"[0.0, 0.0, 0.0]"
1.4142591954000068,,,,,,,,,,,,,,,,"[0.0, 0.0, 0.0]"
1.4245970249000095,,,,,,,,,,,,,,,,"[0.0, 0.0, 0.0]"
1.4350748062000065,,,,,,,,,,,,,,,,"[0.0, 0.0, 0.0]"
1.445305824299993,,,,,,,,,,,,,,,,"[0.0, 0.0, 0.0]"
1.456307411200001,,,,,,,,,,,,,,,,"[0.0, 0.0, 0.0]"
1.4660658836999971,,,,,,,,,,,,,,,,"[0.0, 0.0, 0.0]"
1.4764993191000002,,,,,,,,,,,,,,,,"[0.0, 0.0, 0.0]"
1.4868171214999961,,,,,,,,,,,,,,,,"[0.0, 0.0, 0.0]"
1.4971826076999974,,,,,,,,,,,,,,,,"[0.0, 0.0, 0.0]"
1.5072779655999966,,,,,,,,,,,,,,,,"[0.0, 0.0, 0.0]"
1.517967462599998,,,,,,,,,,,,,,,,"[0.0, 0.0, 0.0]"
1.5279302596999997,,,,,,,,,,,,,,,,"[0.0, 0.0, 0.0]"
1.537576675400004,,,,,,,,,,,,,,,,"[0.0, 0.0, 0.0]"
1.5478346347999974,,,,,,,,,,,,,,,,"[0.0, 0.0, 0.0]"
1.5580079556000044,,,,,,,,,,,,,,,,"[0.0, 0.0, 0.0]"
1.568112135000007,,,,,,,,,,,,,,,,"[0.0, 0.0, 0.0]"
1.5791738034000105,,,,,,,,,,,,,,,,"[0.0, 0.0, 0.0]"
1.5891962051999968,,,,,,,,,,,,,,,,"[0.0, 0.0, 0.0]"
1.599986314800006,,,,,,,,,,,,,,,,"[0.0, 0.0, 0.0]"
1.6103863716000006,,,,,,,,,,,,,,,,"[0.0, 0.0, 0.0]"
1.620744466800005,,,,,,,,,,,,,,,,"[0.0, 0.0, 0.0]"
1.630983114299994,,,,,,,,,,,,,,,,"[0.0, 0.0, 0.0]"
1.6414358616000015,,,,,,,,,,,,,,,,"[0.0, 0.0, 0.0]"
1.651557922400002,,,,,,,,,,,,,,,,"[0.0, 0.0, 0.0]"
1.662394046800003,,,,,,,,,,,,,,,,"[0.0, 0.0, 0.0]"
1.6727492809999944,,,,,,,,,,,,,,,,"[0.0, 0.0, 0.0]"
1.682882785800004,,,,,,,,,,,,,,,,"[0.0, 0.0, 0.0]"
1.6931231022000048,,,,,,,,,,,,,,,,"[0.0, 0.0, 0.0]"
1.703353643400007,,,,,,,,,,,,,,,,"[0.0, 0.0, 0.0]"
1.7136676312000105,,,,,,,,,,,,,,,,"[0.0, 0.0, 0.0]"
1.724026441600003,,,,,,,,,,,,,,,,"[0.0, 0.0, 0.0]"
1.7340469361000004,,,,,,,,,,,,,,,,"[0.0, 0.0, 0.0]"
1.7446115017000068,,,,,,,,,,,,,,,,"[0.0, 0.0, 0.0]"
1.7549221515999989,,,,,,,,,,,,,,,,"[0.0, 0.0, 0.0]"
1.7652833462000075,,,,,,,,,,,,,,,,"[0.0, 0.0, 0.0]"
1.775650262900001,,,,,,,,,,,,,,,,"[0.0, 0.0, 0.0]"
1.786184549400005,,,,,,,,,,,,,,,,"[0.0, 0.0, 0.0]"
1.7965848446000052,,,,,,,,,,,,,,,,"[0.0, 0.0, 0.0]"
1.8068900109000054,,,,,,,,,,,,,,,,"[0.0, 0.0, 0.0]"
1.8172471524000002,,,,,,,,,,,,,,,,"[0.0, 0.0, 0.0]"
1.8275096417000043,,,,,,,,,,,,,,,,"[0.0, 0.0, 0.0]"
1.8378496170000034,,,,,,,,,,,,,,,,"[0.0, 0.0, 0.0]"
1.8481929303000015,,,,,,,,,,,,,,,,"[0.0, 0.0, 0.0]"
1.8585231304000018,,,,,,,,,,,,,,,,"[0.0, 0.0, 0.0]"
1.8688600063999985,,,,,,,,,,,,,,,,"[0.0, 0.0, 0.0]"
1.8791956902000067,,,,,,,,,,,,,,,,"[0.0, 0.0, 0.0]"
1.8893959523000063,,,,,,,,,,,,,,,,"[0.0, 0.0, 0.0]"
1.8997156620000055,,,,,,,,,,,,,,,,"[0.0, 0.0, 0.0]"
1.9102003575000026,,,,,,,,,,,,,,,,"[0.0, 0.0, 0.0]"
1.9207170009999999,,,,,,,,,,,,,,,,"[0.0, 0.0, 0.0]"
1.9310824870999994,,,,,,,,,,,,,,,,"[0.0, 0.0, 0.0]"
1.9413111209999983,,,,,,,,,,,,,,,,"[0.0, 0.0, 0.0]"
1.9516797066000038,,,,,,,,,,,,,,,,"[0.0, 0.0, 0.0]"
1.962014913600001,,,,,,,,,,,,,,,,"[0.0, 0.0, 0.0]"
1.9724199772000048,,,,,,,,,,,,,,,,"[0.0, 0.0, 0.0]"
1.9826042651999956,,,,,,,,,,,,,,,,"[0.0, 0.0, 0.0]"
1.993053436300002,,,,,,,,,,,,,,,,"[0.0, 0.0, 0.0]"
2.003231763900004,,,,,,,,,,,,,,,,"[0.0, 0.0, 0.0]"
2.0134723187000105,,,,,,,,,,,,,,,,"[0.0, 0.0, 0.0]"
2.0239040852000016,,,,,,,,,,,,,,,,"[0.0, 0.0, 0.0]"
2.0340991021000008,,,,,,,,,,,,,,,,"[0.0, 0.0, 0.0]"
2.044359684,,,,,,,,,,,,,,,,"[0.0, 0.0, 0.0]"
2.054824113899997,,,,,,,,,,,,,,,,"[0.0, 0.0, 0.0]"
2.0649132729,,,,,,,,,,,,,,,,"[0.0, 0.0, 0.0]"
2.075372457500009,,,,,,,,,,,,,,,,"[0.0, 0.0, 0.0]"
2.085860014000005,,,,,,,,,,,,,,,,"[0.0, 0.0, 0.0]"
2.0962698459999984,,,,,,,,,,,,,,,,"[0.0, 0.0, 0.0]"
2.1064672469999977,,,,,,,,,,,,,,,,"[0.0, 0.0, 0.0]"
2.116935491600003,,,,,,,,,,,,,,,,"[0.0, 0.0, 0.0]"
2.1272308827000046,,,,,,,,,,,,,,,,"[0.0, 0.0, 0.0]"
2.1375050544999965,,,,,,,,,,,,,,,,"[0.0, 0.0, 0.0]"
2.1479048729,,,,,,,,,,,,,,,,"[0.0, 0.0, 0.0]"
2.1581912041000066,,,,,,,,,,,,,,,,"[0.0, 0.0, 0.0]"
2.168897390400005,,,,,,,,,,,,,,,,"[0.0, 0.0, 0.0]"
2.179173469600002,,,,,,,,,,,,,,,,"[0.0, 0.0, 0.0]"
2.1894893646999947,,,,,,,,,,,,,,,,"[0.0, 0.0, 0.0]"
2.199595689800006,,,,,,,,,,,,,,,,"[0.0, 0.0, 0.0]"
2.2099661827000006,,,,,,,,,,,,,,,,"[0.0, 0.0, 0.0]"
2.2204954624000095,,,,,,,,,,,,,,,,"[0.0, 0.0, 0.0]"
2.230790615099991,,,,,,,,,,,,,,,,"[0.0, 0.0, 0.0]"
2.241124153200005,,,,,,,,,,,,,,,,"[0.0, 0.0, 0.0]"
2.251419544299992,,,,,,,,,,,,,,,,"[0.0, 0.0, 0.0]"
2.2620739936999996,,,,,,,,,,,,,,,,"[0.0, 0.0, 0.0]"
2.2723536491999994,,,,,,,,,,,,,,,,"[0.0, 0.0, 0.0]"
2.282454252299999,,,,,,,,,,,,,,,,"[0.0, 0.0, 0.0]"
2.293064594300006,,,,,,,,,,,,,,,,"[0.0, 0.0, 0.0]"
2.3023622035999978,,,,,,,,,,,,,,,,"[0.0, 0.0, 0.0]"
2.3134887219000007,,,,,,,,,,,,,,,,"[0.0, 0.0, 0.0]"
2.323666334200013,,,,,,,,,,,,,,,,"[0.0, 0.0, 0.0]"
2.3340375423999973,,,,,,,,,,,,,,,,"[0.0, 0.0, 0.0]"
2.344383478200001,,,,,,,,,,,,,,,,"[0.0, 0.0, 0.0]"
2.3546903134000132,,,,,,,,,,,,,,,,"[0.0, 0.0, 0.0]"
2.3650214671999947,,,,,,,,,,,,,,,,"[0.0, 0.0, 0.0]"
2.3752636910000007,,,,,,,,,,,,,,,,"[0.0, 0.0, 0.0]"
2.3856933117000096,,,,,,,,,,,,,,,,"[0.0, 0.0, 0.0]"
2.395915031499996,,,,,,,,,,,,,,,,"[0.0, 0.0, 0.0]"
2.4064390660000043,,,,,,,,,,,,,,,,"[0.0, 0.0, 0.0]"
2.416673660300006,,,,,,,,,,,,,,,,"[0.0, 0.0, 0.0]"
2.4269258976000003,,,,,,,,,,,,,,,,"[0.0, 0.0, 0.0]"
2.4372882842999957,,,,,,,,,,,,,,,,"[0.0, 0.0, 0.0]"
2.44759655,,,,,,,,,,,,,,,,"[0.0, 0.0, 0.0]"
2.4578561783000055,,,,,,,,,,,,,,,,"[0.0, 0.0, 0.0]"
2.468295097400002,,,,,,,,,,,,,,,,"[0.0, 0.0, 0.0]"
2.478381157000001,,,,,,,,,,,,,,,,"[0.0, 0.0, 0.0]"
2.488894462600001,,,,,,,,,,,,,,,,"[0.0, 0.0, 0.0]"
2.4991786480000115,,,,,,,,,,,,,,,,"[0.0, 0.0, 0.0]"
2.509201288300005,,,,,,,,,,,,,,,,"[0.0, 0.0, 0.0]"
2.5198285580000004,,,,,,,,,,,,,,,,"[0.0, 0.0, 0.0]"
2.5291759967999923,,,,,,,,,,,,,,,,"[0.0, 0.0, 0.0]"
2.5394661427000074,,,,,,,,,,,,,,,,"[0.0, 0.0, 0.0]"
2.549700737000009,,,,,,,,,,,,,,,,"[0.0, 0.0, 0.0]"
2.5599231719999977,,,,,,,,,,,,,,,,"[0.0, 0.0, 0.0]"
2.5704357624000096,,,,,,,,,,,,,,,,"[0.0, 0.0, 0.0]"
2.580874443100001,,,,,,,,,,,,,,,,"[0.0, 0.0, 0.0]"
2.591462135300006,,,,,,,,,,,,,,,,"[0.0, 0.0, 0.0]"
2.602051258100005,,,,,,,,,,,,,,,,"[0.0, 0.0, 0.0]"
2.6123781205000114,,,,,,,,,,,,,,,,"[0.0, 0.0, 0.0]"
2.6225430965999976,,,,,,,,,,,,,,,,"[0.0, 0.0, 0.0]"
2.633161068000007,,,,,,,,,,,,,,,,"[0.0, 0.0, 0.0]"
2.643520116800005,,,,,,,,,,,,,,,,"[0.0, 0.0, 0.0]"
2.6539337634999924,,,,,,,,,,,,,,,,"[0.0, 0.0, 0.0]"
2.6639797688000044,,,,,,,,,,,,,,,,"[0.0, 0.0, 0.0]"
2.6744949817999952,,,,,,,,,,,,,,,,"[0.0, 0.0, 0.0]"
2.684822559400004,,,,,,,,,,,,,,,,"[0.0, 0.0, 0.0]"
2.6949002742999966,,,,,,,,,,,,,,,,"[0.0, 0.0, 0.0]"
2.7055797576999936,,,,,,,,,,,,,,,,"[0.0, 0.0, 0.0]"
2.7154583930999934,,,,,,,,,,,,,,,,"[0.0, 0.0, 0.0]"
2.726032972400006,,,,,,,,,,,,,,,,"[0.0, 0.0, 0.0]"
2.7359561920000033,,,,,,,,,,,,,,,,"[0.0, 0.0, 0.0]"
2.7464101314999994,,,,,,,,,,,,,,,,"[0.0, 0.0, 0.0]"
2.756613254600012,,,,,,,,,,,,,,,,"[0.0, 0.0, 0.0]"
2.767240524299993,,,,,,,,,,,,,,,,"[0.0, 0.0, 0.0]"
2.777395963700002,,,,,,,,,,,,,,,,"[0.0, 0.0, 0.0]"
2.78765916830001,,,,,,,,,,,,,,,,"[0.0, 0.0, 0.0]"
2.797805547699994,,,,,,,,,,,,,,,,"[0.0, 0.0, 0.0]"
2.8084242344000074,,,,,,,,,,,,,,,,"[0.0, 0.0, 0.0]"
2.818696498899996,,,,,,,,,,,,,,,,"[0.0, 0.0, 0.0]"
2.8289027213999987,,,,,,,,,,,,,,,,"[0.0, 0.0, 0.0]"
2.8393533230000116,,,,,,,,,,,,,,,,"[0.0, 0.0, 0.0]"
2.8496520520000104,,,,,,,,,,,,,,,,"[0.0, 0.0, 0.0]"
2.860025644299995,,,,,,,,,,,,,,,,"[0.0, 0.0, 0.0]"
2.8702294826999974,,,,,,,,,,,,,,,,"[0.0, 0.0, 0.0]"
2.8805880546999987,,,,,,,,,,,,,,,,"[0.0, 0.0, 0.0]"
2.8909451962000077,,,,,,,,,,,,,,,,"[0.0, 0.0, 0.0]"
2.9010310172999993,,,,,,,,,,,,,,,,"[0.0, 0.0, 0.0]"
2.9115736484999957,,,,,,,,,,,,,,,,"[0.0, 0.0, 0.0]"
2.9217774867999964,,,,,,,,,,,,,,,,"[0.0, 0.0, 0.0]"
2.932134866700011,,,,,,,,,,,,,,,,"[0.0, 0.0, 0.0]"
2.9422011375999944,,,,,,,,,,,,,,,,"[0.0, 0.0, 0.0]"
2.9526448250000072,,,,,,,,,,,,,,,,"[0.0, 0.0, 0.0]"
2.9629402161000087,,,,,,,,,,,,,,,,"[0.0, 0.0, 0.0]"
2.973315954200004,,,,,,,,,,,,,,,,"[0.0, 0.0, 0.0]"
2.9836263657000046,,,,,,,,,,,,,,,,"[0.0, 0.0, 0.0]"
2.994014501600006,,,,,,,,,,,,,,,,"[0.0, 0.0, 0.0]"
3.004281997700005,,,,,,,,,,,,,,,,"[0.0, 0.0, 0.0]"
3.0145719052000004,,,,,,,,,,,,,,,,"[0.0, 0.0, 0.0]"
3.0249171257,,,,,,,,,,,,,,,,"[0.0, 0.0, 0.0]"
3.035201072700005,,,,,,,,,,,,,,,,"[0.0, 0.0, 0.0]"
3.0455746650999913,,,,,,,,,,,,,,,,"[0.0, 0.0, 0.0]"
3.055826425600003,,,,,,,,,,,,,,,,"[0.0, 0.0, 0.0]"
3.0661535263000133,,,,,,,,,,,,,,,,"[0.0, 0.0, 0.0]"
3.076387643800004,,,,,,,,,,,,,,,,"[0.0, 0.0, 0.0]"
3.0868158341000083,,,,,,,,,,,,,,,,"[0.0, 0.0, 0.0]"
3.097056627300006,,,,,,,,,,,,,,,,"[0.0, 0.0, 0.0]"
3.107137918500001,,,,,,,,,,,,,,,,"[0.0, 0.0, 0.0]"
3.1174104213999954,,,,,,,,,,,,,,,,"[0.0, 0.0, 0.0]"
3.127958059299999,,,,,,,,,,,,,,,,"[0.0, 0.0, 0.0]"
3.138425350199995,,,,,,,,,,,,,,,,"[0.0, 0.0, 0.0]"
3.148628234900002,,,,,,,,,,,,,,,,"[0.0, 0.0, 0.0]"
3.1589457988999925,,,,,,,,,,,,,,,,"[0.0, 0.0, 0.0]"
3.1690771580000074,,,,,,,,,,,,,,,,"[0.0, 0.0, 0.0]"
3.1796281338000085,,,,,,,,,,,,,,,,"[0.0, 0.0, 0.0]"
3.1900839805999937,,,,,,,,,,,,,,,,"[0.0, 0.0, 0.0]"
3.2007424832000027,,,,,,,,,,,,,,,,"[0.0, 0.0, 0.0]"
3.211035490100002,,,,,,,,,,,,,,,,"[0.0, 0.0, 0.0]"
3.221307039300001,,,,,,,,,,,,,,,,"[0.0, 0.0, 0.0]"
3.2313947677999977,,,,,,,,,,,,,,,,"[0.0, 0.0, 0.0]"
3.241961956099999,,,,,,,,,,,,,,,,"[0.0, 0.0, 0.0]"
3.2522776126999986,,,,,,,,,,,,,,,,"[0.0, 0.0, 0.0]"
3.262659549700004,,,,,,,,,,,,,,,,"[0.0, 0.0, 0.0]"
3.272875309,,,,,,,,,,,,,,,,"[0.0, 0.0, 0.0]"
3.2830688954000067,,,,,,,,,,,,,,,,"[0.0, 0.0, 0.0]"
3.2934370040999994,,,,,,,,,,,,,,,,"[0.0, 0.0, 0.0]"
3.3034553528000004,,,,,,,,,,,,,,,,"[0.0, 0.0, 0.0]"
3.314339399399998,,,,,,,,,,,,,,,,"[0.0, 0.0, 0.0]"
3.3245172501000013,,,,,,,,,,,,,,,,"[0.0, 0.0, 0.0]"
3.3347029685999985,,,,,,,,,,,,,,,,"[0.0, 0.0, 0.0]"
3.344849586500004,,,,,,,,,,,,,,,,"[0.0, 0.0, 0.0]"
3.355308055900011,,,,,,,,,,,,,,,,"[0.0, 0.0, 0.0]"
3.3656363488000096,,,,,,,,,,,,,,,,"[0.0, 0.0, 0.0]"
3.3757050038000074,,,,,,,,,,,,,,,,"[0.0, 0.0, 0.0]"
3.386323928899998,,,,,,,,,,,,,,,,"[0.0, 0.0, 0.0]"
3.3964040280000063,,,,,,,,,,,,,,,,"[0.0, 0.0, 0.0]"
3.406763553700003,,,,,,,,,,,,,,,,"[0.0, 0.0, 0.0]"
3.4170749188000116,,,,,,,,,,,,,,,,"[0.0, 0.0, 0.0]"
3.4275367259999996,,,,,,,,,,,,,,,,"[0.0, 0.0, 0.0]"
3.437439680099999,,,,,,,,,,,,,,,,"[0.0, 0.0, 0.0]"
3.4482281208000103,,,,,,,,,,,,,,,,"[0.0, 0.0, 0.0]"
3.4586036206000017,,,,,,,,,,,,,,,,"[0.0, 0.0, 0.0]"
3.4686653613999994,,,,,,,,,,,,,,,,"[0.0, 0.0, 0.0]"
3.4788284301999965,,,,,,,,,,,,,,,,"[0.0, 0.0, 0.0]"
3.489404678400007,,,,,,,,,,,,,,,,"[0.0, 0.0, 0.0]"
3.4995875359000053,,,,,,,,,,,,,,,,"[0.0, 0.0, 0.0]"
3.5099916457999996,,,,,,,,,,,,,,,,"[0.0, 0.0, 0.0]"
3.5200841427,,,,,,,,,,,,,,,,"[0.0, 0.0, 0.0]"
3.529513835900005,,,,,,,,,,,,,,,,"[0.0, 0.0, 0.0]"
3.5396957397999955,,,,,,,,,,,,,,,,"[0.0, 0.0, 0.0]"
3.5499789714999963,,,,,,,,,,,,,,,,"[0.0, 0.0, 0.0]"
3.560185193999999,,,,,,,,,,,,,,,,"[0.0, 0.0, 0.0]"
3.5703732967999997,,,,,,,,,,,,,,,,"[0.0, 0.0, 0.0]"
3.5810575486000005,,,,,,,,,,,,,,,,"[0.0, 0.0, 0.0]"
3.5914664268999985,,,,,,,,,,,,,,,,"[0.0, 0.0, 0.0]"
3.601759910599995,,,,,,,,,,,,,,,,"[0.0, 0.0, 0.0]"
3.6120681762999993,,,,,,,,,,,,,,,,"[0.0, 0.0, 0.0]"
3.6223049163999974,,,,,,,,,,,,,,,,"[0.0, 0.0, 0.0]"
3.6326475144000057,,,,,,,,,,,,,,,,"[0.0, 0.0, 0.0]"
3.642916440999997,,,,,,,,,,,,,,,,"[0.0, 0.0, 0.0]"
3.6531980038,,,,,,,,,,,,,,,,"[0.0, 0.0, 0.0]"
3.6639273167000113,,,,,,,,,,,,,,,,"[0.0, 0.0, 0.0]"
3.6742379666000033,,,,,,,,,,,,,,,,"[0.0, 0.0, 0.0]"
3.684768915199996,,,,,,,,,,,,,,,,"[0.0, 0.0, 0.0]"
3.6948544979000104,,,,,,,,,,,,,,,,"[0.0, 0.0, 0.0]"
3.7051997184999976,,,,,,,,,,,,,,,,"[0.0, 0.0, 0.0]"
3.7156257630000056,,,,,,,,,,,,,,,,"[0.0, 0.0, 0.0]"
3.7258210182000084,,,,,,,,,,,,,,,,"[0.0, 0.0, 0.0]"
3.736288786000003,,,,,,,,,,,,,,,,"[0.0, 0.0, 0.0]"
3.746237754900008,,,,,,,,,,,,,,,,"[0.0, 0.0, 0.0]"
3.7567329407000045,,,,,,,,,,,,,,,,"[0.0, 0.0, 0.0]"
3.766797065800006,,,,,,,,,,,,,,,,"[0.0, 0.0, 0.0]"
3.777089595800007,,,,,,,,,,,,,,,,"[0.0, 0.0, 0.0]"
3.787441015300004,,,,,,,,,,,,,,,,"[0.0, 0.0, 0.0]"
3.7978174687000035,,,,,,,,,,,,,,,,"[0.0, 0.0, 0.0]"
3.8078510762000093,,,,,,,,,,,,,,,,"[0.0, 0.0, 0.0]"
3.8181483746,,,,,,,,,,,,,,,,"[0.0, 0.0, 0.0]"
3.828679561599998,,,,,,,,,,,,,,,,"[0.0, 0.0, 0.0]"
3.8388853073000035,,,,,,,,,,,,,,,,"[0.0, 0.0, 0.0]"
3.8491773605999953,,,,,,,,,,,,,,,,"[0.0, 0.0, 0.0]"
3.8597681523000062,,,,,,,,,,,,,,,,"[0.0, 0.0, 0.0]"
3.869737148300004,,,,,,,,,,,,,,,,"[0.0, 0.0, 0.0]"
3.8800978661000016,,,,,,,,,,,,,,,,"[0.0, 0.0, 0.0]"
3.890519857400008,,,,,,,,,,,,,,,,"[0.0, 0.0, 0.0]"
3.899990320200004,,,,,,,,,,,,,,,,"[0.0, 0.0, 0.0]"
3.910139560700003,,,,,,,,,,,,,,,,"[0.0, 0.0, 0.0]"
3.9202744961000064,,,,,,,,,,,,,,,,"[0.0, 0.0, 0.0]"
3.9304111004000077,,,,,,,,,,,,,,,,"[0.0, 0.0, 0.0]"
3.9403831959000115,,,,,,,,,,,,,,,,"[0.0, 0.0, 0.0]"
3.9505782127999964,,,,,,,,,,,,,,,,"[0.0, 0.0, 0.0]"
3.9605693817000116,,,,,,,,,,,,,,,,"[0.0, 0.0, 0.0]"
3.9708223342999958,,,,,,,,,,,,,,,,"[0.0, 0.0, 0.0]"
3.980982303700003,,,,,,,,,,,,,,,,"[0.0, 0.0, 0.0]"
3.9912114143999986,,,,,,,,,,,,,,,,"[0.0, 0.0, 0.0]"
4.001420736300005,,,,,,,,,,,,,,,,"[0.0, 0.0, 0.0]"
4.011750459699996,,,,,,,,,,,,,,,,"[0.0, 0.0, 0.0]"
4.022013187400006,,,,,,,,,,,,,,,,"[0.0, 0.0, 0.0]"
4.032793998700001,,,,,,,,,,,,,,,,"[0.0, 0.0, 0.0]"
4.042843818700007,,,,,,,,,,,,,,,,"[0.0, 0.0, 0.0]"
4.053254842800001,,,,,,,,,,,,,,,,"[0.0, 0.0, 0.0]"
4.063704252299999,,,,,,,,,,,,,,,,"[0.0, 0.0, 0.0]"
4.074088573500006,,,,,,,,,,,,,,,,"[0.0, 0.0, 0.0]"
4.084294795999995,,,,,,,,,,,,,,,,"[0.0, 0.0, 0.0]"
4.094567298900003,,,,,,,,,,,,,,,,"[0.0, 0.0, 0.0]"
4.105136394500008,,,,,,,,,,,,,,,,"[0.0, 0.0, 0.0]"
4.115347862299998,,,,,,,,,,,,,,,,"[0.0, 0.0, 0.0]"
4.1254508496,,,,,,,,,,,,,,,,"[0.0, 0.0, 0.0]"
4.136135816600003,,,,,,,,,,,,,,,,"[0.0, 0.0, 0.0]"
4.1461119652000065,,,,,,,,,,,,,,,,"[0.0, 0.0, 0.0]"
4.156570911399996,,,,,,,,,,,,,,,,"[0.0, 0.0, 0.0]"
4.166812658300003,,,,,,,,,,,,,,,,"[0.0, 0.0, 0.0]"
4.177561998400009,,,,,,,,,,,,,,,,"[0.0, 0.0, 0.0]"
4.187827110300006,,,,,,,,,,,,,,,,"[0.0, 0.0, 0.0]"
4.1978092194,,,,,,,,,,,,,,,,"[0.0, 0.0, 0.0]"
4.208472251900005,,,,,,,,,,,,,,,,"[0.0, 0.0, 0.0]"
4.21870803840001,,,,,,,,,,,,,,,,"[0.0, 0.0, 0.0]"
4.228843689000001,,,,,,,,,,,,,,,,"[0.0, 0.0, 0.0]"
4.239220857700005,,,,,,,,,,,,,,,,"[0.0, 0.0, 0.0]"
4.249648332600003,,,,,,,,,,,,,,,,"[0.0, 0.0, 0.0]"
4.259773015999997,,,,,,,,,,,,,,,,"[0.0, 0.0, 0.0]"
4.270347833700001,,,,,,,,,,,,,,,,"[0.0, 0.0, 0.0]"
4.2806119919000025,,,,,,,,,,,,,,,,"[0.0, 0.0, 0.0]"
4.290862321900008,,,,,,,,,,,,,,,,"[0.0, 0.0, 0.0]"
4.3012588024,,,,,,,,,,,,,,,,"[0.0, 0.0, 0.0]"
4.311394453099993,,,,,,,,,,,,,,,,"[0.0, 0.0, 0.0]"
4.321650743500001,,,,,,,,,,,,,,,,"[0.0, 0.0, 0.0]"
4.331999778800011,,,,,,,,,,,,,,,,"[0.0, 0.0, 0.0]"
4.342258215000001,,,,,,,,,,,,,,,,"[0.0, 0.0, 0.0]"
4.352931976300013,,,,,,,,,,,,,,,,"[0.0, 0.0, 0.0]"
4.362860918099997,,,,,,,,,,,,,,,,"[0.0, 0.0, 0.0]"
4.373340845100003,,,,,,,,,,,,,,,,"[0.0, 0.0, 0.0]"
4.383342743000014,,,,,,,,,,,,,,,,"[0.0, 0.0, 0.0]"
4.393813610099997,,,,,,,,,,,,,,,,"[0.0, 0.0, 0.0]"
4.404172420500004,,,,,,,,,,,,,,,,"[0.0, 0.0, 0.0]"
4.414355516499995,,,,,,,,,,,,,,,,"[0.0, 0.0, 0.0]"
4.4244384766000024,,,,,,,,,,,,,,,,"[0.0, 0.0, 0.0]"
4.435017347400006,,,,,,,,,,,,,,,,"[0.0, 0.0, 0.0]"
4.445220231999997,,,,,,,,,,,,,,,,"[0.0, 0.0, 0.0]"
4.455586195000009,,,,,,,,,,,,,,,,"[0.0, 0.0, 0.0]"
4.465858221100007,,,,,,,,,,,,,,,,"[0.0, 0.0, 0.0]"
4.476096868499994,,,,,,,,,,,,,,,,"[0.0, 0.0, 0.0]"
4.486280441300011,,,,,,,,,,,,,,,,"[0.0, 0.0, 0.0]"
4.496701955800006,,,,,,,,,,,,,,,,"[0.0, 0.0, 0.0]"
4.506792306899996,,,,,,,,,,,,,,,,"[0.0, 0.0, 0.0]"
4.517613649400005,,,,,,,,,,,,,,,,"[0.0, 0.0, 0.0]"
4.527367115099992,,,,,,,,,,,,,,,,"[0.0, 0.0, 0.0]"
4.537696123200007,,,,,,,,,,,,,,,,"[0.0, 0.0, 0.0]"
4.548088789000005,,,,,,,,,,,,,,,,"[0.0, 0.0, 0.0]"
4.5582637787000095,,,,,,,,,,,,,,,,"[0.0, 0.0, 0.0]"
4.568787574799998,,,,,,,,,,,,,,,,"[0.0, 0.0, 0.0]"
4.579028129600005,,,,,,,,,,,,,,,,"[0.0, 0.0, 0.0]"
4.589121341700007,,,,,,,,,,,,,,,,"[0.0, 0.0, 0.0]"
4.5992369652000065,,,,,,,,,,,,,,,,"[0.0, 0.0, 0.0]"
4.609460830700002,,,,,,,,,,,,,,,,"[0.0, 0.0, 0.0]"
4.620334386899998,,,,,,,,,,,,,,,,"[0.0, 0.0, 0.0]"
4.630711793900005,,,,,,,,,,,,,,,,"[0.0, 0.0, 0.0]"
4.640985012100003,,,,,,,,,,,,,,,,"[0.0, 0.0, 0.0]"
4.651206731800002,,,,,,,,,,,,,,,,"[0.0, 0.0, 0.0]"
4.661634922100006,,,,,,,,,,,,,,,,"[0.0, 0.0, 0.0]"
4.672145128300002,,,,,,,,,,,,,,,,"[0.0, 0.0, 0.0]"
4.682331323699998,,,,,,,,,,,,,,,,"[0.0, 0.0, 0.0]"
4.692661047000001,,,,,,,,,,,,,,,,"[0.0, 0.0, 0.0]"
4.7029733658000055,,,,,,,,,,,,,,,,"[0.0, 0.0, 0.0]"
4.713359832800009,,,,,,,,,,,,,,,,"[0.0, 0.0, 0.0]"
4.723524093700007,,,,,,,,,,,,,,,,"[0.0, 0.0, 0.0]"
4.73383522040001,,,,,,,,,,,,,,,,"[0.0, 0.0, 0.0]"
4.743962287900004,,,,,,,,,,,,,,,,"[0.0, 0.0, 0.0]"
4.754343748099998,,,,,,,,,,,,,,,,"[0.0, 0.0, 0.0]"
4.764672279400003,,,,,,,,,,,,,,,,"[0.0, 0.0, 0.0]"
4.774892330200004,,,,,,,,,,,,,,,,"[0.0, 0.0, 0.0]"
4.785238027600002,,,,,,,,,,,,,,,,"[0.0, 0.0, 0.0]"
4.795572519299995,,,,,,,,,,,,,,,,"[0.0, 0.0, 0.0]"
4.805773496700013,,,,,,,,,,,,,,,,"[0.0, 0.0, 0.0]"
4.816140890200003,,,,,,,,,,,,,,,,"[0.0, 0.0, 0.0]"
4.826493263300009,,,,,,,,,,,,,,,,"[0.0, 0.0, 0.0]"
4.837099790599993,,,,,,,,,,,,,,,,"[0.0, 0.0, 0.0]"
4.847409725199995,,,,,,,,,,,,,,,,"[0.0, 0.0, 0.0]"
4.857748270100004,,,,,,,,,,,,,,,,"[0.0, 0.0, 0.0]"
4.8679399491000055,,,,,,,,,,,,,,,,"[0.0, 0.0, 0.0]"
4.878128528600001,,,,,,,,,,,,,,,,"[0.0, 0.0, 0.0]"
4.889177083999996,,,,,,,,,,,,,,,,"[0.0, 0.0, 0.0]"
4.899234533300003,,,,,,,,,,,,,,,,"[0.0, 0.0, 0.0]"
4.909273147600004,,,,,,,,,,,,,,,,"[0.0, 0.0, 0.0]"
4.919906377800004,,,,,,,,,,,,,,,,"[0.0, 0.0, 0.0]"
4.930381059699997,,,,,,,,,,,,,,,,"[0.0, 0.0, 0.0]"
4.940631151200009,,,,,,,,,,,,,,,,"[0.0, 0.0, 0.0]"
4.950835466399994,,,,,,,,,,,,,,,,"[0.0, 0.0, 0.0]"
4.9614415168999955,,,,,,,,,,,,,,,,"[0.0, 0.0, 0.0]"
4.9716732501999985,,,,,,,,,,,,,,,,"[0.0, 0.0, 0.0]"
4.982406616200009,,,,,,,,,,,,,,,,"[0.0, 0.0, 0.0]"
4.992678880699998,,,,,,,,,,,,,,,,"[0.0, 0.0, 0.0]"
5.0029890538000075,,,,,,,,,,,,,,,,"[0.0, 0.0, 0.0]"
5.013503074699997,,,,,,,,,,,,,,,,"[0.0, 0.0, 0.0]"
5.023736476899998,,,,,,,,,,,,,,,,"[0.0, 0.0, 0.0]"
5.034047603600001,,,,,,,,,,,,,,,,"[0.0, 0.0, 0.0]"
5.044355392500009,,,,,,,,,,,,,,,,"[0.0, 0.0, 0.0]"
5.054772615500013,,,,,,,,,,,,,,,,"[0.0, 0.0, 0.0]"
5.064906835599999,,,,,,,,,,,,,,,,"[0.0, 0.0, 0.0]"
5.0755708217999995,,,,,,,,,,,,,,,,"[0.0, 0.0, 0.0]"
5.086008310300002,,,,,,,,,,,,,,,,"[0.0, 0.0, 0.0]"
5.096342802100011,,,,,,,,,,,,,,,,"[0.0, 0.0, 0.0]"
5.106626749100002,,,,,,,,,,,,,,,,"[0.0, 0.0, 0.0]"
5.116914510800001,,,,,,,,,,,,,,,,"[0.0, 0.0, 0.0]"
5.127147197799999,,,,,,,,,,,,,,,,"[0.0, 0.0, 0.0]"
5.137492418299999,,,,,,,,,,,,,,,,"[0.0, 0.0, 0.0]"
5.147738695200005,,,,,,,,,,,,,,,,"[0.0, 0.0, 0.0]"
5.158102989200003,,,,,,,,,,,,,,,,"[0.0, 0.0, 0.0]"
5.1684019566000075,,,,,,,,,,,,,,,,"[0.0, 0.0, 0.0]"
5.178681850500013,,,,,,,,,,,,,,,,"[0.0, 0.0, 0.0]"
5.189158916500006,,,,,,,,,,,,,,,,"[0.0, 0.0, 0.0]"
5.1992216111000005,,,,,,,,,,,,,,,,"[0.0, 0.0, 0.0]"
5.209940195100003,,,,,,,,,,,,,,,,"[0.0, 0.0, 0.0]"
5.220262050700001,,,,,,,,,,,,,,,,"[0.0, 0.0, 0.0]"
5.2305643559,,,,,,,,,,,,,,,,"[0.0, 0.0, 0.0]"
5.240947246600001,,,,,,,,,,,,,,,,"[0.0, 0.0, 0.0]"
5.250951528599998,,,,,,,,,,,,,,,,"[0.0, 0.0, 0.0]"
5.26146006590001,,,,,,,,,,,,,,,,"[0.0, 0.0, 0.0]"
5.27222657210001,,,,,,,,,,,,,,,,"[0.0, 0.0, 0.0]"
5.2826149464000025,,,,,,,,,,,,,,,,"[0.0, 0.0, 0.0]"
5.2928996085999955,,,,,,,,,,,,,,,,"[0.0, 0.0, 0.0]"
5.302203655300005,,,,,,,,,,,,,,,,"[0.0, 0.0, 0.0]"
5.313292503400007,,,,,,,,,,,,,,,,"[0.0, 0.0, 0.0]"
5.323563575800009,,,,,,,,,,,,,,,,"[0.0, 0.0, 0.0]"
5.333663463600004,,,,,,,,,,,,,,,,"[0.0, 0.0, 0.0]"
5.343778848699998,,,,,,,,,,,,,,,,"[0.0, 0.0, 0.0]"
5.354171276100004,,,,,,,,,,,,,,,,"[0.0, 0.0, 0.0]"
5.364704132100002,,,,,,,,,,,,,,,,"[0.0, 0.0, 0.0]"
5.37495803840001,,,,,,,,,,,,,,,,"[0.0, 0.0, 0.0]"
5.385321140300007,,,,,,,,,,,,,,,,"[0.0, 0.0, 0.0]"
5.395581722299994,,,,,,,,,,,,,,,,"[0.0, 0.0, 0.0]"
5.4060730934000105,,,,,,,,,,,,,,,,"[0.0, 0.0, 0.0]"
5.416432142299996,,,,,,,,,,,,,,,,"[0.0, 0.0, 0.0]"
5.426677942300003,,,,,,,,,,,,,,,,"[0.0, 0.0, 0.0]"
5.437105178899998,,,,,,,,,,,,,,,,"[0.0, 0.0, 0.0]"
5.4474244118,,,,,,,,,,,,,,,,"[0.0, 0.0, 0.0]"
5.4578082562000105,,,,,,,,,,,,,,,,"[0.0, 0.0, 0.0]"
5.468069553400014,,,,,,,,,,,,,,,,"[0.0, 0.0, 0.0]"
5.4783892632,,,,,,,,,,,,,,,,"[0.0, 0.0, 0.0]"
5.488534927399996,,,,,,,,,,,,,,,,"[0.0, 0.0, 0.0]"
5.499224662800003,,,,,,,,,,,,,,,,"[0.0, 0.0, 0.0]"
5.509310483999997,,,,,,,,,,,,,,,,"[0.0, 0.0, 0.0]"
5.5198760032999985,,,,,,,,,,,,,,,,"[0.0, 0.0, 0.0]"
5.529749870300009,,,,,,,,,,,,,,,,"[0.0, 0.0, 0.0]"
5.539627075200002,,,,,,,,,,,,,,,,"[0.0, 0.0, 0.0]"
5.549760818500005,,,,,,,,,,,,,,,,"[0.0, 0.0, 0.0]"
5.560112953200004,,,,,,,,,,,,,,,,"[0.0, 0.0, 0.0]"
5.570457696900007,,,,,,,,,,,,,,,,"[0.0, 0.0, 0.0]"
5.58098149300001,,,,,,,,,,,,,,,,"[0.0, 0.0, 0.0]"
5.5916132927000035,,,,,,,,,,,,,,,,"[0.0, 0.0, 0.0]"
5.6019134521999945,,,,,,,,,,,,,,,,"[0.0, 0.0, 0.0]"
5.6122145653000075,,,,,,,,,,,,,,,,"[0.0, 0.0, 0.0]"
5.622547388100003,,,,,,,,,,,,,,,,"[0.0, 0.0, 0.0]"
5.632872819900001,,,,,,,,,,,,,,,,"[0.0, 0.0, 0.0]"
5.643155813199996,,,,,,,,,,,,,,,,"[0.0, 0.0, 0.0]"
5.653474807800009,,,,,,,,,,,,,,,,"[0.0, 0.0, 0.0]"
5.6637854575999995,,,,,,,,,,,,,,,,"[0.0, 0.0, 0.0]"
5.674147844299995,,,,,,,,,,,,,,,,"[0.0, 0.0, 0.0]"
5.684591770200001,,,,,,,,,,,,,,,,"[0.0, 0.0, 0.0]"
5.694603443200009,,,,,,,,,,,,,,,,"[0.0, 0.0, 0.0]"
5.7050681114999975,,,,,,,,,,,,,,,,"[0.0, 0.0, 0.0]"
5.715451002199998,,,,,,,,,,,,,,,,"[0.0, 0.0, 0.0]"
5.725716352500001,,,,,,,,,,,,,,,,"[0.0, 0.0, 0.0]"
5.736045360600002,,,,,,,,,,,,,,,,"[0.0, 0.0, 0.0]"
5.746339559600003,,,,,,,,,,,,,,,,"[0.0, 0.0, 0.0]"
5.75662946700001,,,,,,,,,,,,,,,,"[0.0, 0.0, 0.0]"
5.766969919200008,,,,,,,,,,,,,,,,"[0.0, 0.0, 0.0]"
5.777308225699997,,,,,,,,,,,,,,,,"[0.0, 0.0, 0.0]"
5.787630558000004,,,,,,,,,,,,,,,,"[0.0, 0.0, 0.0]"
5.797925949100005,,,,,,,,,,,,,,,,"[0.0, 0.0, 0.0]"
5.808346510000007,,,,,,,,,,,,,,,,"[0.0, 0.0, 0.0]"
5.818630695400003,,,,,,,,,,,,,,,,"[0.0, 0.0, 0.0]"
5.828867435500001,,,,,,,,,,,,,,,,"[0.0, 0.0, 0.0]"
5.839258432400001,,,,,,,,,,,,,,,,"[0.0, 0.0, 0.0]"
5.849563837100007,,,,,,,,,,,,,,,,"[0.0, 0.0, 0.0]"
5.859901905100003,,,,,,,,,,,,,,,,"[0.0, 0.0, 0.0]"
5.8700609206999985,,,,,,,,,,,,,,,,"[0.0, 0.0, 0.0]"
5.880739450500002,,,,,,,,,,,,,,,,"[0.0, 0.0, 0.0]"
5.8910260201,,,,,,,,,,,,,,,,"[0.0, 0.0, 0.0]"
5.9012026787000025,,,,,,,,,,,,,,,,"[0.0, 0.0, 0.0]"
5.911935806300008,,,,,,,,,,,,,,,,"[0.0, 0.0, 0.0]"
5.922220468600003,,,,,,,,,,,,,,,,"[0.0, 0.0, 0.0]"
5.932414054900008,,,,,,,,,,,,,,,,"[0.0, 0.0, 0.0]"
5.9430658817999955,,,,,,,,,,,,,,,,"[0.0, 0.0, 0.0]"
5.953423500100001,,,,,,,,,,,,,,,,"[0.0, 0.0, 0.0]"
5.963766813299998,,,,,,,,,,,,,,,,"[0.0, 0.0, 0.0]"
5.974016666400004,,,,,,,,,,,,,,,,"[0.0, 0.0, 0.0]"
5.984422206900007,,,,,,,,,,,,,,,,"[0.0, 0.0, 0.0]"
5.994651794500001,,,,,,,,,,,,,,,,"[0.0, 0.0, 0.0]"
6.005033731500006,,,,,,,,,,,,,,,,"[0.0, 0.0, 0.0]"
6.015414476399997,,,,,,,,,,,,,,,,"[0.0, 0.0, 0.0]"
6.0256645680000105,,,,,,,,,,,,,,,,"[0.0, 0.0, 0.0]"
6.036012888000002,,,,,,,,,,,,,,,,"[0.0, 0.0, 0.0]"
6.046485424099998,,,,,,,,,,,,,,,,"[0.0, 0.0, 0.0]"
6.056778669400003,,,,,,,,,,,,,,,,"[0.0, 0.0, 0.0]"
6.066920995700002,,,,,,,,,,,,,,,,"[0.0, 0.0, 0.0]"
6.077463865300004,,,,,,,,,,,,,,,,"[0.0, 0.0, 0.0]"
6.087842226100008,,,,,,,,,,,,,,,,"[0.0, 0.0, 0.0]"
6.098190069200001,,,,,,,,,,,,,,,,"[0.0, 0.0, 0.0]"
6.1085033417000005,,,,,,,,,,,,,,,,"[0.0, 0.0, 0.0]"
6.118821144100011,,,,,,,,,,,,,,,,"[0.0, 0.0, 0.0]"
6.129167080000002,,,,,,,,,,,,,,,,"[0.0, 0.0, 0.0]"
6.139533519799997,,,,,,,,,,,,,,,,"[0.0, 0.0, 0.0]"
6.149601459500005,,,,,,,,,,,,,,,,"[0.0, 0.0, 0.0]"
6.160419702599995,,,,,,,,,,,,,,,,"[0.0, 0.0, 0.0]"
6.170599460600002,,,,,,,,,,,,,,,,"[0.0, 0.0, 0.0]"
6.180932045000006,,,,,,,,,,,,,,,,"[0.0, 0.0, 0.0]"
6.191264629399996,,,,,,,,,,,,,,,,"[0.0, 0.0, 0.0]"
6.2016656399,,,,,,,,,,,,,,,,"[0.0, 0.0, 0.0]"
6.212002515800009,,,,,,,,,,,,,,,,"[0.0, 0.0, 0.0]"
6.222190141700011,,,,,,,,,,,,,,,,"[0.0, 0.0, 0.0]"
6.232755184200002,,,,,,,,,,,,,,,,"[0.0, 0.0, 0.0]"
6.243029355999994,,,,,,,,,,,,,,,,"[0.0, 0.0, 0.0]"
6.2535338402000065,,,,,,,,,,,,,,,,"[0.0, 0.0, 0.0]"
6.263896465300007,,,,,,,,,,,,,,,,"[0.0, 0.0, 0.0]"
6.274293661100003,,,,,,,,,,,,,,,,"[0.0, 0.0, 0.0]"
6.284571886099997,,,,,,,,,,,,,,,,"[0.0, 0.0, 0.0]"
6.294940233300011,,,,,,,,,,,,,,,,"[0.0, 0.0, 0.0]"
6.3043458462000075,,,,,,,,,,,,,,,,"[0.0, 0.0, 0.0]"
6.314597845099996,,,,,,,,,,,,,,,,"[0.0, 0.0, 0.0]"
6.325584173199999,,,,,,,,,,,,,,,,"[0.0, 0.0, 0.0]"
6.335987091100009,,,,,,,,,,,,,,,,"[0.0, 0.0, 0.0]"
6.346149921399999,,,,,,,,,,,,,,,,"[0.0, 0.0, 0.0]"
6.356626272200003,,,,,,,,,,,,,,,,"[0.0, 0.0, 0.0]"
6.366841316300011,,,,,,,,,,,,,,,,"[0.0, 0.0, 0.0]"
6.377208948200007,,,,,,,,,,,,,,,,"[0.0, 0.0, 0.0]"
6.387370109599999,,,,,,,,,,,,,,,,"[0.0, 0.0, 0.0]"
6.398118972800006,,,,,,,,,,,,,,,,"[0.0, 0.0, 0.0]"
6.4084334374000065,,,,,,,,,,,,,,,,"[0.0, 0.0, 0.0]"
6.418540000900009,,,,,,,,,,,,,,,,"[0.0, 0.0, 0.0]"
6.4292943477999955,,,,,,,,,,,,,,,,"[0.0, 0.0, 0.0]"
6.439598798800006,,,,,,,,,,,,,,,,"[0.0, 0.0, 0.0]"
6.449853420300002,,,,,,,,,,,,,,,,"[0.0, 0.0, 0.0]"
6.460287570999995,,,,,,,,,,,,,,,,"[0.0, 0.0, 0.0]"
6.4705743789999985,,,,,,,,,,,,,,,,"[0.0, 0.0, 0.0]"
6.4809825421000085,,,,,,,,,,,,,,,,"[0.0, 0.0, 0.0]"
6.491173982700005,,,,,,,,,,,,,,,,"[0.0, 0.0, 0.0]"
6.501552581799999,,,,,,,,,,,,,,,,"[0.0, 0.0, 0.0]"
6.511907816000004,,,,,,,,,,,,,,,,"[0.0, 0.0, 0.0]"
6.522256135999996,,,,,,,,,,,,,,,,"[0.0, 0.0, 0.0]"
6.5315258502999995,,,,,,,,,,,,,,,,"[0.0, 0.0, 0.0]"
6.5417163372000005,,,,,,,,,,,,,,,,"[0.0, 0.0, 0.0]"
6.551964998300008,,,,,,,,,,,,,,,,"[0.0, 0.0, 0.0]"
6.5622549057000015,,,,,,,,,,,,,,,,"[0.0, 0.0, 0.0]"
6.572549343099993,,,,,,,,,,,,,,,,"[0.0, 0.0, 0.0]"
6.5831637383000015,,,,,,,,,,,,,,,,"[0.0, 0.0, 0.0]"
6.593665599900007,,,,,,,,,,,,,,,,"[0.0, 0.0, 0.0]"
6.603981256500006,,,,,,,,,,,,,,,,"[0.0, 0.0, 0.0]"
6.6143615246,,,,,,,,,,,,,,,,"[0.0, 0.0, 0.0]"
6.62479114540001,,,,,,,,,,,,,,,,"[0.0, 0.0, 0.0]"
6.634948968900005,,,,,,,,,,,,,,,,"[0.0, 0.0, 0.0]"
6.645266294500004,,,,,,,,,,,,,,,,"[0.0, 0.0, 0.0]"
6.6555910111,,,,,,,,,,,,,,,,"[0.0, 0.0, 0.0]"
6.665796756799992,,,,,,,,,,,,,,,,"[0.0, 0.0, 0.0]"
6.6763436795000075,,,,,,,,,,,,,,,,"[0.0, 0.0, 0.0]"
6.6864364146999975,,,,,,,,,,,,,,,,"[0.0, 0.0, 0.0]"
6.697003841400004,,,,,,,,,,,,,,,,"[0.0, 0.0, 0.0]"
6.707440137900008,,,,,,,,,,,,,,,,"[0.0, 0.0, 0.0]"
6.717940092100008,,,,,,,,,,,,,,,,"[0.0, 0.0, 0.0]"
6.7283160687000105,,,,,,,,,,,,,,,,"[0.0, 0.0, 0.0]"
6.738420486500004,,,,,,,,,,,,,,,,"[0.0, 0.0, 0.0]"
6.749198913599997,,,,,,,,,,,,,,,,"[0.0, 0.0, 0.0]"
6.759334564200003,,,,,,,,,,,,,,,,"[0.0, 0.0, 0.0]"
6.769620418599999,,,,,,,,,,,,,,,,"[0.0, 0.0, 0.0]"
6.779945135099993,,,,,,,,,,,,,,,,"[0.0, 0.0, 0.0]"
6.790186882,,,,,,,,,,,,,,,,"[0.0, 0.0, 0.0]"
6.800514221200004,,,,,,,,,,,,,,,,"[0.0, 0.0, 0.0]"
6.810800314000005,,,,,,,,,,,,,,,,"[0.0, 0.0, 0.0]"
6.82111382490001,,,,,,,,,,,,,,,,"[0.0, 0.0, 0.0]"
6.8314173221999965,,,,,,,,,,,,,,,,"[0.0, 0.0, 0.0]"
6.841709375400001,,,,,,,,,,,,,,,,"[0.0, 0.0, 0.0]"
6.852220058499995,,,,,,,,,,,,,,,,"[0.0, 0.0, 0.0]"
6.862647295000002,,,,,,,,,,,,,,,,"[0.0, 0.0, 0.0]"
6.872886180900011,,,,,,,,,,,,,,,,"[0.0, 0.0, 0.0]"
6.883121728899994,,,,,,,,,,,,,,,,"[0.0, 0.0, 0.0]"
6.8933532238000055,,,,,,,,,,,,,,,,"[0.0, 0.0, 0.0]"
6.903857231200007,,,,,,,,,,,,,,,,"[0.0, 0.0, 0.0]"
6.914084673000005,,,,,,,,,,,,,,,,"[0.0, 0.0, 0.0]"
6.924850940699997,,,,,,,,,,,,,,,,"[0.0, 0.0, 0.0]"
6.935313224799998,,,,,,,,,,,,,,,,"[0.0, 0.0, 0.0]"
6.9455783367000095,,,,,,,,,,,,,,,,"[0.0, 0.0, 0.0]"
6.955811262200001,,,,,,,,,,,,,,,,"[0.0, 0.0, 0.0]"
6.966066837300005,,,,,,,,,,,,,,,,"[0.0, 0.0, 0.0]"
6.976417780000006,,,,,,,,,,,,,,,,"[0.0, 0.0, 0.0]"
6.986607313199997,,,,,,,,,,,,,,,,"[0.0, 0.0, 0.0]"
6.997317314200004,,,,,,,,,,,,,,,,"[0.0, 0.0, 0.0]"
7.007669687299995,,,,,,,,,,,,,,,,"[0.0, 0.0, 0.0]"
7.017957925800005,,,,,,,,,,,,,,,,"[0.0, 0.0, 0.0]"
7.028171539300004,,,,,,,,,,,,,,,,"[0.0, 0.0, 0.0]"
7.038673162500004,,,,,,,,,,,,,,,,"[0.0, 0.0, 0.0]"
7.049159526899999,,,,,,,,,,,,,,,,"[0.0, 0.0, 0.0]"
7.05943393710001,,,,,,,,,,,,,,,,"[0.0, 0.0, 0.0]"
7.069740057000004,,,,,,,,,,,,,,,,"[0.0, 0.0, 0.0]"
7.080037593900002,,,,,,,,,,,,,,,,"[0.0, 0.0, 0.0]"
7.090394258499998,,,,,,,,,,,,,,,,"[0.0, 0.0, 0.0]"
7.10068488120001,,,,,,,,,,,,,,,,"[0.0, 0.0, 0.0]"
7.111114502000007,,,,,,,,,,,,,,,,"[0.0, 0.0, 0.0]"
7.121300458899995,,,,,,,,,,,,,,,,"[0.0, 0.0, 0.0]"
7.1315908432000015,,,,,,,,,,,,,,,,"[0.0, 0.0, 0.0]"
7.141884327,,,,,,,,,,,,,,,,"[0.0, 0.0, 0.0]"
7.152271747599997,,,,,,,,,,,,,,,,"[0.0, 0.0, 0.0]"
7.162497282100006,,,,,,,,,,,,,,,,"[0.0, 0.0, 0.0]"
7.172856569299995,,,,,,,,,,,,,,,,"[0.0, 0.0, 0.0]"
7.183136224799995,,,,,,,,,,,,,,,,"[0.0, 0.0, 0.0]"
7.193385601100005,,,,,,,,,,,,,,,,"[0.0, 0.0, 0.0]"
7.203567981799992,,,,,,,,,,,,,,,,"[0.0, 0.0, 0.0]"
7.214192390500003,,,,,,,,,,,,,,,,"[0.0, 0.0, 0.0]"
7.224676609100001,,,,,,,,,,,,,,,,"[0.0, 0.0, 0.0]"
7.23474574090001,,,,,,,,,,,,,,,,"[0.0, 0.0, 0.0]"
7.245399952,,,,,,,,,,,,,,,,"[0.0, 0.0, 0.0]"
7.2556967736000075,,,,,,,,,,,,,,,,"[0.0, 0.0, 0.0]"
7.266024112699995,,,,,,,,,,,,,,,,"[0.0, 0.0, 0.0]"
7.276085376799998,,,,,,,,,,,,,,,,"[0.0, 0.0, 0.0]"
7.286637067800001,,,,,,,,,,,,,,,,"[0.0, 0.0, 0.0]"
7.296880006799995,,,,,,,,,,,,,,,,"[0.0, 0.0, 0.0]"
7.306401729600012,,,,,,,,,,,,,,,,"[0.0, 0.0, 0.0]"
7.316540002899998,,,,,,,,,,,,,,,,"[0.0, 0.0, 0.0]"
7.326834440300004,,,,,,,,,,,,,,,,"[0.0, 0.0, 0.0]"
7.337121248300008,,,,,,,,,,,,,,,,"[0.0, 0.0, 0.0]"
7.347440958099995,,,,,,,,,,,,,,,,"[0.0, 0.0, 0.0]"
7.358243227000003,,,,,,,,,,,,,,,,"[0.0, 0.0, 0.0]"
7.3686149121,,,,,,,,,,,,,,,,"[0.0, 0.0, 0.0]"
7.378934145000002,,,,,,,,,,,,,,,,"[0.0, 0.0, 0.0]"
7.389237642300003,,,,,,,,,,,,,,,,"[0.0, 0.0, 0.0]"
7.399529695500007,,,,,,,,,,,,,,,,"[0.0, 0.0, 0.0]"
7.410215854699999,,,,,,,,,,,,,,,,"[0.0, 0.0, 0.0]"
7.420449733800012,,,,,,,,,,,,,,,,"[0.0, 0.0, 0.0]"
7.430737018599999,,,,,,,,,,,,,,,,"[0.0, 0.0, 0.0]"
7.441288709700004,,,,,,,,,,,,,,,,"[0.0, 0.0, 0.0]"
7.451593637500011,,,,,,,,,,,,,,,,"[0.0, 0.0, 0.0]"
7.461615324100009,,,,,,,,,,,,,,,,"[0.0, 0.0, 0.0]"
7.472323417699997,,,,,,,,,,,,,,,,"[0.0, 0.0, 0.0]"
7.482501745299999,,,,,,,,,,,,,,,,"[0.0, 0.0, 0.0]"
7.4929625988000055,,,,,,,,,,,,,,,,"[0.0, 0.0, 0.0]"
7.503259897299998,,,,,,,,,,,,,,,,"[0.0, 0.0, 0.0]"
7.5133020878,,,,,,,,,,,,,,,,"[0.0, 0.0, 0.0]"
7.524019002900005,,,,,,,,,,,,,,,,"[0.0, 0.0, 0.0]"
7.5334615708,,,,,,,,,,,,,,,,"[0.0, 0.0, 0.0]"
7.543625116399994,,,,,,,,,,,,,,,,"[0.0, 0.0, 0.0]"
7.553872823700004,,,,,,,,,,,,,,,,"[0.0, 0.0, 0.0]"
7.564006328600001,,,,,,,,,,,,,,,,"[0.0, 0.0, 0.0]"
7.574535369900005,,,,,,,,,,,,,,,,"[0.0, 0.0, 0.0]"
7.585190296200011,,,,,,,,,,,,,,,,"[0.0, 0.0, 0.0]"
7.595360040700001,,,,,,,,,,,,,,,,"[0.0, 0.0, 0.0]"
7.605775833199999,,,,,,,,,,,,,,,,"[0.0, 0.0, 0.0]"
7.616051435500012,,,,,,,,,,,,,,,,"[0.0, 0.0, 0.0]"
7.626261234300003,,,,,,,,,,,,,,,,"[0.0, 0.0, 0.0]"
7.636942625100005,,,,,,,,,,,,,,,,"[0.0, 0.0, 0.0]"
7.647245645599995,,,,,,,,,,,,,,,,"[0.0, 0.0, 0.0]"
7.657367229499997,,,,,,,,,,,,,,,,"[0.0, 0.0, 0.0]"
7.668002128600008,,,,,,,,,,,,,,,,"[0.0, 0.0, 0.0]"
7.678339004500003,,,,,,,,,,,,,,,,"[0.0, 0.0, 0.0]"
7.6887423992000095,,,,,,,,,,,,,,,,"[0.0, 0.0, 0.0]"
7.699288606700009,,,,,,,,,,,,,,,,"[0.0, 0.0, 0.0]"
7.709339141900003,,,,,,,,,,,,,,,,"[0.0, 0.0, 0.0]"
7.7198059559,,,,,,,,,,,,,,,,"[0.0, 0.0, 0.0]"
7.729963302599998,,,,,,,,,,,,,,,,"[0.0, 0.0, 0.0]"
7.7402937413000075,,,,,,,,,,,,,,,,"[0.0, 0.0, 0.0]"
7.7506229878,,,,,,,,,,,,,,,,"[0.0, 0.0, 0.0]"
7.761281490400009,,,,,,,,,,,,,,,,"[0.0, 0.0, 0.0]"
7.771683693000014,,,,,,,,,,,,,,,,"[0.0, 0.0, 0.0]"
7.7822883129000076,,,,,,,,,,,,,,,,"[0.0, 0.0, 0.0]"
7.792647838600004,,,,,,,,,,,,,,,,"[0.0, 0.0, 0.0]"
7.802655696900004,,,,,,,,,,,,,,,,"[0.0, 0.0, 0.0]"
7.813301801700007,,,,,,,,,,,,,,,,"[0.0, 0.0, 0.0]"
7.823288440699997,,,,,,,,,,,,,,,,"[0.0, 0.0, 0.0]"
7.8340966701999974,,,,,,,,,,,,,,,,"[0.0, 0.0, 0.0]"
7.844326257700004,,,,,,,,,,,,,,,,"[0.0, 0.0, 0.0]"
7.854729652399996,,,,,,,,,,,,,,,,"[0.0, 0.0, 0.0]"
7.8650329113000055,,,,,,,,,,,,,,,,"[0.0, 0.0, 0.0]"
7.87534809120001,,,,,,,,,,,,,,,,"[0.0, 0.0, 0.0]"
7.8856422900999945,,,,,,,,,,,,,,,,"[0.0, 0.0, 0.0]"
7.896279096599997,,,,,,,,,,,,,,,,"[0.0, 0.0, 0.0]"
7.906456470500004,,,,,,,,,,,,,,,,"[0.0, 0.0, 0.0]"
7.9168152809000105,,,,,,,,,,,,,,,,"[0.0, 0.0, 0.0]"
7.927157163700002,,,,,,,,,,,,,,,,"[0.0, 0.0, 0.0]"
7.937350750000007,,,,,,,,,,,,,,,,"[0.0, 0.0, 0.0]"
7.947742223800006,,,,,,,,,,,,,,,,"[0.0, 0.0, 0.0]"
7.957992315300004,,,,,,,,,,,,,,,,"[0.0, 0.0, 0.0]"
7.968179226000004,,,,,,,,,,,,,,,,"[0.0, 0.0, 0.0]"
7.978820800800008,,,,,,,,,,,,,,,,"[0.0, 0.0, 0.0]"
7.9891302585999995,,,,,,,,,,,,,,,,"[0.0, 0.0, 0.0]"
7.99941039090001,,,,,,,,,,,,,,,,"[0.0, 0.0, 0.0]"
8.009868144999999,,,,,,,,,,,,,,,,"[0.0, 0.0, 0.0]"
8.020182848000005,,,,,,,,,,,,,,,,"[0.0, 0.0, 0.0]"
8.030495882100013,,,,,,,,,,,,,,,,"[0.0, 0.0, 0.0]"
8.0408747197,,,,,,,,,,,,,,,,"[0.0, 0.0, 0.0]"
8.051088094699992,,,,,,,,,,,,,,,,"[0.0, 0.0, 0.0]"
8.061523914399999,,,,,,,,,,,,,,,,"[0.0, 0.0, 0.0]"
8.071696043000003,,,,,,,,,,,,,,,,"[0.0, 0.0, 0.0]"
8.0818538666,,,,,,,,,,,,,,,,"[0.0, 0.0, 0.0]"
8.092216014900004,,,,,,,,,,,,,,,,"[0.0, 0.0, 0.0]"
8.10289645200001,,,,,,,,,,,,,,,,"[0.0, 0.0, 0.0]"
8.113232135800004,,,,,,,,,,,,,,,,"[0.0, 0.0, 0.0]"
8.123331785199994,,,,,,,,,,,,,,,,"[0.0, 0.0, 0.0]"
8.13394880300001,,,,,,,,,,,,,,,,"[0.0, 0.0, 0.0]"
8.144186496800003,,,,,,,,,,,,,,,,"[0.0, 0.0, 0.0]"
8.1547448635,,,,,,,,,,,,,,,,"[0.0, 0.0, 0.0]"
8.165359258700008,,,,,,,,,,,,,,,,"[0.0, 0.0, 0.0]"
8.175686836300002,,,,,,,,,,,,,,,,"[0.0, 0.0, 0.0]"
8.185769558000004,,,,,,,,,,,,,,,,"[0.0, 0.0, 0.0]"
8.196632862100003,,,,,,,,,,,,,,,,"[0.0, 0.0, 0.0]"
8.207204818800008,,,,,,,,,,,,,,,,"[0.0, 0.0, 0.0]"
8.217478752199995,,,,,,,,,,,,,,,,"[0.0, 0.0, 0.0]"
8.227563142800008,,,,,,,,,,,,,,,,"[0.0, 0.0, 0.0]"
8.2382423878,,,,,,,,,,,,,,,,"[0.0, 0.0, 0.0]"
8.248513221799996,,,,,,,,,,,,,,,,"[0.0, 0.0, 0.0]"
8.258876800600007,,,,,,,,,,,,,,,,"[0.0, 0.0, 0.0]"
8.26909756660001,,,,,,,,,,,,,,,,"[0.0, 0.0, 0.0]"
8.279637336799993,,,,,,,,,,,,,,,,"[0.0, 0.0, 0.0]"
8.289915084900002,,,,,,,,,,,,,,,,"[0.0, 0.0, 0.0]"
8.299300909099998,,,,,,,,,,,,,,,,"[0.0, 0.0, 0.0]"
8.309479475099991,,,,,,,,,,,,,,,,"[0.0, 0.0, 0.0]"
8.319759845800007,,,,,,,,,,,,,,,,"[0.0, 0.0, 0.0]"
8.329847812699995,,,,,,,,,,,,,,,,"[0.0, 0.0, 0.0]"
8.340325832399998,,,,,,,,,,,,,,,,"[0.0, 0.0, 0.0]"
8.350620031399998,,,,,,,,,,,,,,,,"[0.0, 0.0, 0.0]"
8.361301422099999,,,,,,,,,,,,,,,,"[0.0, 0.0, 0.0]"
8.371604204200011,,,,,,,,,,,,,,,,"[0.0, 0.0, 0.0]"
8.381963253099997,,,,,,,,,,,,,,,,"[0.0, 0.0, 0.0]"
8.392241478000003,,,,,,,,,,,,,,,,"[0.0, 0.0, 0.0]"
8.402522325500001,,,,,,,,,,,,,,,,"[0.0, 0.0, 0.0]"
8.412843465800009,,,,,,,,,,,,,,,,"[0.0, 0.0, 0.0]"
8.423076629699992,,,,,,,,,,,,,,,,"[0.0, 0.0, 0.0]"
8.433360815100002,,,,,,,,,,,,,,,,"[0.0, 0.0, 0.0]"
8.443744659499998,,,,,,,,,,,,,,,,"[0.0, 0.0, 0.0]"
8.454043865200006,,,,,,,,,,,,,,,,"[0.0, 0.0, 0.0]"
8.464269399700001,,,,,,,,,,,,,,,,"[0.0, 0.0, 0.0]"
8.474602699299993,,,,,,,,,,,,,,,,"[0.0, 0.0, 0.0]"
8.484896183000004,,,,,,,,,,,,,,,,"[0.0, 0.0, 0.0]"
8.4954481125,,,,,,,,,,,,,,,,"[0.0, 0.0, 0.0]"
8.505645036700002,,,,,,,,,,,,,,,,"[0.0, 0.0, 0.0]"
8.516088485699996,,,,,,,,,,,,,,,,"[0.0, 0.0, 0.0]"
8.527043581000001,,,,,,,,,,,,,,,,"[0.0, 0.0, 0.0]"
8.537172794400007,,,,,,,,,,,,,,,,"[0.0, 0.0, 0.0]"
8.546755313899993,,,,,,,,,,,,,,,,"[0.0, 0.0, 0.0]"
8.556849002900009,,,,,,,,,,,,,,,,"[0.0, 0.0, 0.0]"
8.567283392000007,,,,,,,,,,,,,,,,"[0.0, 0.0, 0.0]"
8.5775141716,,,,,,,,,,,,,,,,"[0.0, 0.0, 0.0]"
8.587850093900002,,,,,,,,,,,,,,,,"[0.0, 0.0, 0.0]"
8.5983760357,,,,,,,,,,,,,,,,"[0.0, 0.0, 0.0]"
8.608849048600007,,,,,,,,,,,,,,,,"[0.0, 0.0, 0.0]"
8.619200468100004,,,,,,,,,,,,,,,,"[0.0, 0.0, 0.0]"
8.6292951107,,,,,,,,,,,,,,,,"[0.0, 0.0, 0.0]"
8.639551162800004,,,,,,,,,,,,,,,,"[0.0, 0.0, 0.0]"
8.6502497197,,,,,,,,,,,,,,,,"[0.0, 0.0, 0.0]"
8.66067481040001,,,,,,,,,,,,,,,,"[0.0, 0.0, 0.0]"
8.670855760600006,,,,,,,,,,,,,,,,"[0.0, 0.0, 0.0]"
8.681333303499997,,,,,,,,,,,,,,,,"[0.0, 0.0, 0.0]"
8.691594839100006,,,,,,,,,,,,,,,,"[0.0, 0.0, 0.0]"
8.702055215900003,,,,,,,,,,,,,,,,"[0.0, 0.0, 0.0]"
8.712625265200003,,,,,,,,,,,,,,,,"[0.0, 0.0, 0.0]"
8.722725868300003,,,,,,,,,,,,,,,,"[0.0, 0.0, 0.0]"
8.733350277,,,,,,,,,,,,,,,,"[0.0, 0.0, 0.0]"
8.7436873913,,,,,,,,,,,,,,,,"[0.0, 0.0, 0.0]"
8.754236221300005,,,,,,,,,,,,,,,,"[0.0, 0.0, 0.0]"
8.7648222447,,,,,,,,,,,,,,,,"[0.0, 0.0, 0.0]"
8.775063276300003,,,,,,,,,,,,,,,,"[0.0, 0.0, 0.0]"
8.7853810788,,,,,,,,,,,,,,,,"[0.0, 0.0, 0.0]"
8.795744657500009,,,,,,,,,,,,,,,,"[0.0, 0.0, 0.0]"
8.8059856892,,,,,,,,,,,,,,,,"[0.0, 0.0, 0.0]"
8.816271782000001,,,,,,,,,,,,,,,,"[0.0, 0.0, 0.0]"
8.826547145900008,,,,,,,,,,,,,,,,"[0.0, 0.0, 0.0]"
8.836860656799999,,,,,,,,,,,,,,,,"[0.0, 0.0, 0.0]"
8.847083091800002,,,,,,,,,,,,,,,,"[0.0, 0.0, 0.0]"
8.857361555099999,,,,,,,,,,,,,,,,"[0.0, 0.0, 0.0]"
8.867828845999995,,,,,,,,,,,,,,,,"[0.0, 0.0, 0.0]"
8.878183603300002,,,,,,,,,,,,,,,,"[0.0, 0.0, 0.0]"
8.888421058700004,,,,,,,,,,,,,,,,"[0.0, 0.0, 0.0]"
8.898686647399998,,,,,,,,,,,,,,,,"[0.0, 0.0, 0.0]"
8.90897202490001,,,,,,,,,,,,,,,,"[0.0, 0.0, 0.0]"
8.919337749500002,,,,,,,,,,,,,,,,"[0.0, 0.0, 0.0]"
8.929430008000011,,,,,,,,,,,,,,,,"[0.0, 0.0, 0.0]"
8.939843654699999,,,,,,,,,,,,,,,,"[0.0, 0.0, 0.0]"
8.9501709938,,,,,,,,,,,,,,,,"[0.0, 0.0, 0.0]"
8.960611581799995,,,,,,,,,,,,,,,,"[0.0, 0.0, 0.0]"
8.970925331100005,,,,,,,,,,,,,,,,"[0.0, 0.0, 0.0]"
8.981252431900003,,,,,,,,,,,,,,,,"[0.0, 0.0, 0.0]"
8.99144482620001,,,,,,,,,,,,,,,,"[0.0, 0.0, 0.0]"
9.001689195699996,,,,,,,,,,,,,,,,"[0.0, 0.0, 0.0]"
9.012188673099999,,,,,,,,,,,,,,,,"[0.0, 0.0, 0.0]"
9.022486925199999,,,,,,,,,,,,,,,,"[0.0, 0.0, 0.0]"
9.032819271099996,,,,,,,,,,,,,,,,"[0.0, 0.0, 0.0]"
9.043442964600004,,,,,,,,,,,,,,,,"[0.0, 0.0, 0.0]"
9.0537433625,,,,,,,,,,,,,,,,"[0.0, 0.0, 0.0]"
9.064131736799993,,,,,,,,,,,,,,,,"[0.0, 0.0, 0.0]"
9.074226856300001,,,,,,,,,,,,,,,,"[0.0, 0.0, 0.0]"
9.084581613600008,,,,,,,,,,,,,,,,"[0.0, 0.0, 0.0]"
9.095510482800009,,,,,,,,,,,,,,,,"[0.0, 0.0, 0.0]"
9.1057915688,,,,,,,,,,,,,,,,"[0.0, 0.0, 0.0]"
9.116171598500003,,,,,,,,,,,,,,,,"[0.0, 0.0, 0.0]"
9.126411914900004,,,,,,,,,,,,,,,,"[0.0, 0.0, 0.0]"
9.136621236799996,,,,,,,,,,,,,,,,"[0.0, 0.0, 0.0]"
9.147144794500008,,,,,,,,,,,,,,,,"[0.0, 0.0, 0.0]"
9.157533407199992,,,,,,,,,,,,,,,,"[0.0, 0.0, 0.0]"
9.167646408099998,,,,,,,,,,,,,,,,"[0.0, 0.0, 0.0]"
9.178040504500004,,,,,,,,,,,,,,,,"[0.0, 0.0, 0.0]"
9.188325166700011,,,,,,,,,,,,,,,,"[0.0, 0.0, 0.0]"
9.198635816600003,,,,,,,,,,,,,,,,"[0.0, 0.0, 0.0]"
9.208948373800013,,,,,,,,,,,,,,,,"[0.0, 0.0, 0.0]"
9.219063043600002,,,,,,,,,,,,,,,,"[0.0, 0.0, 0.0]"
9.229803323800013,,,,,,,,,,,,,,,,"[0.0, 0.0, 0.0]"
9.240058422100006,,,,,,,,,,,,,,,,"[0.0, 0.0, 0.0]"
9.250182867100008,,,,,,,,,,,,,,,,"[0.0, 0.0, 0.0]"
9.259916782399998,,,,,,,,,,,,,,,,"[0.0, 0.0, 0.0]"
9.269815683400012,,,,,,,,,,,,,,,,"[0.0, 0.0, 0.0]"
9.28003335000001,,,,,,,,,,,,,,,,"[0.0, 0.0, 0.0]"
9.2902958393,,,,,,,,,,,,,,,,"[0.0, 0.0, 0.0]"
9.300384521500007,,,,,,,,,,,,,,,,"[0.0, 0.0, 0.0]"
9.310484170900011,,,,,,,,,,,,,,,,"[0.0, 0.0, 0.0]"
9.320425272000008,,,,,,,,,,,,,,,,"[0.0, 0.0, 0.0]"
9.330876350400004,,,,,,,,,,,,,,,,"[0.0, 0.0, 0.0]"
9.341162920000002,,,,,,,,,,,,,,,,"[0.0, 0.0, 0.0]"
9.351521253599998,,,,,,,,,,,,,,,,"[0.0, 0.0, 0.0]"
9.36228704460001,,,,,,,,,,,,,,,,"[0.0, 0.0, 0.0]"
9.372625827800007,,,,,,,,,,,,,,,,"[0.0, 0.0, 0.0]"
9.3829753399,,,,,,,,,,,,,,,,"[0.0, 0.0, 0.0]"
9.393299579699999,,,,,,,,,,,,,,,,"[0.0, 0.0, 0.0]"
9.403563976300006,,,,,,,,,,,,,,,,"[0.0, 0.0, 0.0]"
9.413860321100003,,,,,,,,,,,,,,,,"[0.0, 0.0, 0.0]"
9.424355983800012,,,,,,,,,,,,,,,,"[0.0, 0.0, 0.0]"
9.4345326424,,,,,,,,,,,,,,,,"[0.0, 0.0, 0.0]"
9.444901704800003,,,,,,,,,,,,,,,,"[0.0, 0.0, 0.0]"
9.455124855099996,,,,,,,,,,,,,,,,"[0.0, 0.0, 0.0]"
9.465403795300006,,,,,,,,,,,,,,,,"[0.0, 0.0, 0.0]"
9.4757592678,,,,,,,,,,,,,,,,"[0.0, 0.0, 0.0]"
9.486002922099999,,,,,,,,,,,,,,,,"[0.0, 0.0, 0.0]"
9.496225357100002,,,,,,,,,,,,,,,,"[0.0, 0.0, 0.0]"
9.506882906000001,,,,,,,,,,,,,,,,"[0.0, 0.0, 0.0]"
9.517168045099993,,,,,,,,,,,,,,,,"[0.0, 0.0, 0.0]"
9.527455568299999,,,,,,,,,,,,,,,,"[0.0, 0.0, 0.0]"
9.536889553099996,,,,,,,,,,,,,,,,"[0.0, 0.0, 0.0]"
9.547089815199996,,,,,,,,,,,,,,,,"[0.0, 0.0, 0.0]"
9.557372093200001,,,,,,,,,,,,,,,,"[0.0, 0.0, 0.0]"
9.5675363541,,,,,,,,,,,,,,,,"[0.0, 0.0, 0.0]"
9.577659130100002,,,,,,,,,,,,,,,,"[0.0, 0.0, 0.0]"
9.588580370000003,,,,,,,,,,,,,,,,"[0.0, 0.0, 0.0]"
9.598751783400004,,,,,,,,,,,,,,,,"[0.0, 0.0, 0.0]"
9.608870983200006,,,,,,,,,,,,,,,,"[0.0, 0.0, 0.0]"
9.619225502000006,,,,,,,,,,,,,,,,"[0.0, 0.0, 0.0]"
9.629423141499998,,,,,,,,,,,,,,,,"[0.0, 0.0, 0.0]"
9.639829635699996,,,,,,,,,,,,,,,,"[0.0, 0.0, 0.0]"
9.650034666099998,,,,,,,,,,,,,,,,"[0.0, 0.0, 0.0]"
9.660372495700003,,,,,,,,,,,,,,,,"[0.0, 0.0, 0.0]"
9.670911073699997,,,,,,,,,,,,,,,,"[0.0, 0.0, 0.0]"
9.681205511100003,,,,,,,,,,,,,,,,"[0.0, 0.0, 0.0]"
9.691541910200002,,,,,,,,,,,,,,,,"[0.0, 0.0, 0.0]"
9.701404094699996,,,,,,,,,,,,,,,,"[0.0, 0.0, 0.0]"
9.712157726300006,,,,,,,,,,,,,,,,"[0.0, 0.0, 0.0]"
9.722490310699996,,,,,,,,,,,,,,,,"[0.0, 0.0, 0.0]"
9.732831478099996,,,,,,,,,,,,,,,,"[0.0, 0.0, 0.0]"
9.742929220199997,,,,,,,,,,,,,,,,"[0.0, 0.0, 0.0]"
9.753607034699996,,,,,,,,,,,,,,,,"[0.0, 0.0, 0.0]"
9.763820171399999,,,,,,,,,,,,,,,,"[0.0, 0.0, 0.0]"
9.774215221399999,,,,,,,,,,,,,,,,"[0.0, 0.0, 0.0]"
9.784348249499999,,,,,,,,,,,,,,,,"[0.0, 0.0, 0.0]"
9.795093298000012,,,,,,,,,,,,,,,,"[0.0, 0.0, 0.0]"
9.805374384000004,,,,,,,,,,,,,,,,"[0.0, 0.0, 0.0]"
9.815683364899996,,,,,,,,,,,,,,,,"[0.0, 0.0, 0.0]"
9.826097726900002,,,,,,,,,,,,,,,,"[0.0, 0.0, 0.0]"
9.836400508899999,,,,,,,,,,,,,,,,"[0.0, 0.0, 0.0]"
9.846565961899998,,,,,,,,,,,,,,,,"[0.0, 0.0, 0.0]"
9.857484579100003,,,,,,,,,,,,,,,,"[0.0, 0.0, 0.0]"
9.867609024100005,,,,,,,,,,,,,,,,"[0.0, 0.0, 0.0]"
9.877860546099996,,,,,,,,,,,,,,,,"[0.0, 0.0, 0.0]"
9.888137102200005,,,,,,,,,,,,,,,,"[0.0, 0.0, 0.0]"
9.898338794699995,,,,,,,,,,,,,,,,"[0.0, 0.0, 0.0]"
9.90827417380001,,,,,,,,,,,,,,,,"[0.0, 0.0, 0.0]"
9.919108629299998,,,,,,,,,,,,,,,,"[0.0, 0.0, 0.0]"
9.929131031099999,,,,,,,,,,,,,,,,"[0.0, 0.0, 0.0]"
9.9395811558,,,,,,,,,,,,,,,,"[0.0, 0.0, 0.0]"
9.949712038100003,,,,,,,,,,,,,,,,"[0.0, 0.0, 0.0]"
9.959947347699995,,,,,,,,,,,,,,,,"[0.0, 0.0, 0.0]"
9.970508098600007,,,,,,,,,,,,,,,,"[0.0, 0.0, 0.0]"
9.980475902599991,,,,,,,,,,,,,,,,"[0.0, 0.0, 0.0]"
9.990793943400007,,,,,,,,,,,,,,,,"[0.0, 0.0, 0.0]"
10.000679016100008,,,,,,,,,,,,,,,,"[0.0, 0.0, 0.0]"
10.010720729900001,,,,,,,,,,,,,,,,"[0.0, 0.0, 0.0]"
10.020811796200007,,,,,,,,,,,,,,,,"[0.0, 0.0, 0.0]"
10.030813455599997,,,,,,,,,,,,,,,,"[0.0, 0.0, 0.0]"
10.041022300800009,,,,,,,,,,,,,,,,"[0.0, 0.0, 0.0]"
10.0510675907,,,,,,,,,,,,,,,,"[0.0, 0.0, 0.0]"
10.061401605599997,,,,,,,,,,,,,,,,"[0.0, 0.0, 0.0]"
10.071314811700006,,,,,,,,,,,,,,,,"[0.0, 0.0, 0.0]"
10.081409692800008,,,,,,,,,,,,,,,,"[0.0, 0.0, 0.0]"
10.091854095500011,,,,,,,,,,,,,,,,"[0.0, 0.0, 0.0]"
10.1019043923,,,,,,,,,,,,,,,,"[0.0, 0.0, 0.0]"
10.1119806767,,,,,,,,,,,,,,,,"[0.0, 0.0, 0.0]"
10.122142076499998,,,,,,,,,,,,,,,,"[0.0, 0.0, 0.0]"
10.132541894900001,,,,,,,,,,,,,,,,"[0.0, 0.0, 0.0]"
10.14281106,,,,,,,,,,,,,,,,"[0.0, 0.0, 0.0]"
10.153170347200003,,,,,,,,,,,,,,,,"[0.0, 0.0, 0.0]"
10.163458108900002,,,,,,,,,,,,,,,,"[0.0, 0.0, 0.0]"
10.174438476600002,,,,,,,,,,,,,,,,"[0.0, 0.0, 0.0]"
10.184717893599995,,,,,,,,,,,,,,,,"[0.0, 0.0, 0.0]"
10.194995164900007,,,,,,,,,,,,,,,,"[0.0, 0.0, 0.0]"
10.205428600299996,,,,,,,,,,,,,,,,"[0.0, 0.0, 0.0]"
10.215571880400006,,,,,,,,,,,,,,,,"[0.0, 0.0, 0.0]"
10.225715637199997,,,,,,,,,,,,,,,,"[0.0, 0.0, 0.0]"
10.236307859500002,,,,,,,,,,,,,,,,"[0.0, 0.0, 0.0]"
10.246558427799997,,,,,,,,,,,,,,,,"[0.0, 0.0, 0.0]"
10.256919622500007,,,,,,,,,,,,,,,,"[0.0, 0.0, 0.0]"
10.266996383700004,,,,,,,,,,,,,,,,"[0.0, 0.0, 0.0]"
10.277605295200004,,,,,,,,,,,,,,,,"[0.0, 0.0, 0.0]"
10.287755250999993,,,,,,,,,,,,,,,,"[0.0, 0.0, 0.0]"
10.298146963199997,,,,,,,,,,,,,,,,"[0.0, 0.0, 0.0]"
10.308364629799996,,,,,,,,,,,,,,,,"[0.0, 0.0, 0.0]"
10.318521976500008,,,,,,,,,,,,,,,,"[0.0, 0.0, 0.0]"
10.328717231799999,,,,,,,,,,,,,,,,"[0.0, 0.0, 0.0]"
10.3390595913,,,,,,,,,,,,,,,,"[0.0, 0.0, 0.0]"
10.349392890999994,,,,,,,,,,,,,,,,"[0.0, 0.0, 0.0]"
10.359731674200006,,,,,,,,,,,,,,,,"[0.0, 0.0, 0.0]"
10.370016574900006,,,,,,,,,,,,,,,,"[0.0, 0.0, 0.0]"
10.380301952400004,,,,,,,,,,,,,,,,"[0.0, 0.0, 0.0]"
10.390435218800008,,,,,,,,,,,,,,,,"[0.0, 0.0, 0.0]"
10.401009321200007,,,,,,,,,,,,,,,,"[0.0, 0.0, 0.0]"
10.4112973214,,,,,,,,,,,,,,,,"[0.0, 0.0, 0.0]"
10.421497583400011,,,,,,,,,,,,,,,,"[0.0, 0.0, 0.0]"
10.431775569899997,,,,,,,,,,,,,,,,"[0.0, 0.0, 0.0]"
10.442340612400002,,,,,,,,,,,,,,,,"[0.0, 0.0, 0.0]"
10.452560424799998,,,,,,,,,,,,,,,,"[0.0, 0.0, 0.0]"
10.462949514399995,,,,,,,,,,,,,,,,"[0.0, 0.0, 0.0]"
10.473172664700002,,,,,,,,,,,,,,,,"[0.0, 0.0, 0.0]"
10.483466148400012,,,,,,,,,,,,,,,,"[0.0, 0.0, 0.0]"
10.493739605000002,,,,,,,,,,,,,,,,"[0.0, 0.0, 0.0]"
10.504097700100004,,,,,,,,,,,,,,,,"[0.0, 0.0, 0.0]"
10.514306545300002,,,,,,,,,,,,,,,,"[0.0, 0.0, 0.0]"
10.5246186257,,,,,,,,,,,,,,,,"[0.0, 0.0, 0.0]"
10.534922361399992,,,,,,,,,,,,,,,,"[0.0, 0.0, 0.0]"
10.544290065799999,,,,,,,,,,,,,,,,"[0.0, 0.0, 0.0]"
10.554582595900001,,,,,,,,,,,,,,,,"[0.0, 0.0, 0.0]"
10.564687490500006,,,,,,,,,,,,,,,,"[0.0, 0.0, 0.0]"
10.575059890800006,,,,,,,,,,,,,,,,"[0.0, 0.0, 0.0]"
10.585400343000003,,,,,,,,,,,,,,,,"[0.0, 0.0, 0.0]"
10.595761537599998,,,,,,,,,,,,,,,,"[0.0, 0.0, 0.0]"
10.60650014880001,,,,,,,,,,,,,,,,"[0.0, 0.0, 0.0]"
10.616872072299998,,,,,,,,,,,,,,,,"[0.0, 0.0, 0.0]"
10.627133369500001,,,,,,,,,,,,,,,,"[0.0, 0.0, 0.0]"
10.637402772900003,,,,,,,,,,,,,,,,"[0.0, 0.0, 0.0]"
10.648022174900007,,,,,,,,,,,,,,,,"[0.0, 0.0, 0.0]"
10.658267736500008,,,,,,,,,,,,,,,,"[0.0, 0.0, 0.0]"
10.668622016900002,,,,,,,,,,,,,,,,"[0.0, 0.0, 0.0]"
10.6789641381,,,,,,,,,,,,,,,,"[0.0, 0.0, 0.0]"
10.689183473599996,,,,,,,,,,,,,,,,"[0.0, 0.0, 0.0]"
10.699536562000006,,,,,,,,,,,,,,,,"[0.0, 0.0, 0.0]"
10.709720611600005,,,,,,,,,,,,,,,,"[0.0, 0.0, 0.0]"
10.720016479500003,,,,,,,,,,,,,,,,"[0.0, 0.0, 0.0]"
10.730298042300007,,,,,,,,,,,,,,,,"[0.0, 0.0, 0.0]"
10.740585088800003,,,,,,,,,,,,,,,,"[0.0, 0.0, 0.0]"
10.750746727000006,,,,,,,,,,,,,,,,"[0.0, 0.0, 0.0]"
10.761380195599997,,,,,,,,,,,,,,,,"[0.0, 0.0, 0.0]"
10.771690368700007,,,,,,,,,,,,,,,,"[0.0, 0.0, 0.0]"
10.7820005417,,,,,,,,,,,,,,,,"[0.0, 0.0, 0.0]"
10.792209148400005,,,,,,,,,,,,,,,,"[0.0, 0.0, 0.0]"
10.802617549900006,,,,,,,,,,,,,,,,"[0.0, 0.0, 0.0]"
10.812736749699994,,,,,,,,,,,,,,,,"[0.0, 0.0, 0.0]"
10.823261976300003,,,,,,,,,,,,,,,,"[0.0, 0.0, 0.0]"
10.833534002299999,,,,,,,,,,,,,,,,"[0.0, 0.0, 0.0]"
10.8438334465,,,,,,,,,,,,,,,,"[0.0, 0.0, 0.0]"
10.854094743800005,,,,,,,,,,,,,,,,"[0.0, 0.0, 0.0]"
10.864403724699997,,,,,,,,,,,,,,,,"[0.0, 0.0, 0.0]"
10.874760389399995,,,,,,,,,,,,,,,,"[0.0, 0.0, 0.0]"
10.88495087630001,,,,,,,,,,,,,,,,"[0.0, 0.0, 0.0]"
10.895507335700003,,,,,,,,,,,,,,,,"[0.0, 0.0, 0.0]"
10.9058616162,,,,,,,,,,,,,,,,"[0.0, 0.0, 0.0]"
10.916133642199995,,,,,,,,,,,,,,,,"[0.0, 0.0, 0.0]"
10.926381111200001,,,,,,,,,,,,,,,,"[0.0, 0.0, 0.0]"
10.936816215500002,,,,,,,,,,,,,,,,"[0.0, 0.0, 0.0]"
10.946977138600005,,,,,,,,,,,,,,,,"[0.0, 0.0, 0.0]"
10.957177639000008,,,,,,,,,,,,,,,,"[0.0, 0.0, 0.0]"
10.967651367199991,,,,,,,,,,,,,,,,"[0.0, 0.0, 0.0]"
10.97793531420001,,,,,,,,,,,,,,,,"[0.0, 0.0, 0.0]"
10.988258123400001,,,,,,,,,,,,,,,,"[0.0, 0.0, 0.0]"
10.998550653500004,,,,,,,,,,,,,,,,"[0.0, 0.0, 0.0]"
11.008796215099991,,,,,,,,,,,,,,,,"[0.0, 0.0, 0.0]"
11.0188102722,,,,,,,,,,,,,,,,"[0.0, 0.0, 0.0]"
11.029266595900012,,,,,,,,,,,,,,,,"[0.0, 0.0, 0.0]"
11.039759636,,,,,,,,,,,,,,,,"[0.0, 0.0, 0.0]"
11.050006151200009,,,,,,,,,,,,,,,,"[0.0, 0.0, 0.0]"
11.0606372357,,,,,,,,,,,,,,,,"[0.0, 0.0, 0.0]"
11.070618152599991,,,,,,,,,,,,,,,,"[0.0, 0.0, 0.0]"
11.081068039000002,,,,,,,,,,,,,,,,"[0.0, 0.0, 0.0]"
25.52951288230001,,,,,,,,,,,,,,end,,
